0	1077	359	141.8731828077456
0	6	16894	6845.570903876462
0	1080	3563	1505.1764016220823
1077	0	359	141.8731828077456
1077	545	9811	3532.716376954142
1077	7	14064	5966.441569310807
545	1077	9811	3532.716376954142
7	6	7008	2523.560183550216
7	1077	14064	5966.441569310807
7	8	8554	3657.0787522283413
6	1079	11847	5065.218060458997
6	7	7008	2523.560183550216
6	0	16894	6845.570903876462
1079	6	11847	5065.218060458997
1079	9	5936	3741.06629184782
1079	8	5033	2803.227604030754
9	10	1970	1215.9975328922342
9	1079	5936	3741.06629184782
9	547	1666	602.3993691895768
10	9	1970	1215.9975328922342
547	9	1666	602.3993691895768
8	7	8554	3657.0787522283413
8	1079	5033	2803.227604030754
8	2	23044	12442.504088807847
2	539	6217	2595.461038043145
2	1	11035	5958.575165255533
2	8	23044	12442.504088807847
539	2	6217	2595.461038043145
539	541	34871	14833.964709409282
539	1081	2051	738.569563412953
541	539	34871	14833.964709409282
541	5	40717	15181.06781488048
5	541	40717	15181.06781488048
1081	539	2051	738.569563412953
1	1078	10817	3902.381324268555
1	1078	7211	3902.381324268555
1	2	11035	5958.575165255533
1078	1	10817	3902.381324268555
1078	1	7211	3902.381324268555
1078	11	4476	2696.2848514205616
11	1078	4476	2696.2848514205616
11	12	6579	3585.569550294625
12	11	6579	3585.569550294625
12	13	2197	923.4419310384384
12	270	19464	10613.52985580198
13	12	2197	923.4419310384384
270	253	1984	1082.953830964183
270	12	19464	10613.52985580198
253	254	5488	2116.332677061903
253	270	1984	1082.953830964183
253	812	6813	3728.931348255154
254	253	5488	2116.332677061903
812	253	6813	3728.931348255154
812	813	7562	4084.662287141986
812	813	11343	4084.662287141986
813	812	7562	4084.662287141986
813	812	11343	4084.662287141986
813	798	1952	1054.0
798	799	7624	3257.6092460576056
798	813	1952	1054.0
798	1187	892	481.75720025755714
799	798	7624	3257.6092460576056
799	1191	3723	1417.42371928792
799	824	23386	8502.739440909618
799	282	2038	740.5248138988997
1191	799	3723	1417.42371928792
824	823	17061	6724.726016723655
824	799	23386	8502.739440909618
823	824	17061	6724.726016723655
282	799	2038	740.5248138988997
282	540	1838	667.994011949209
540	3	20	7.280109889280518
540	255	6276	2681.693867688853
540	282	1838	667.994011949209
3	540	20	7.280109889280518
3	4	2194	937.3606563111127
3	542	3782	1374.314738333254
4	3	2194	937.3606563111127
542	3	3782	1374.314738333254
542	256	3240	1331.3549489148263
542	272	4753	2031.0
542	283	12555	4562.454164153323
256	542	3240	1331.3549489148263
272	255	2629	1428.4302573104505
272	542	4753	2031.0
272	279	7121	3845.734520218472
255	540	6276	2681.693867688853
255	271	610	332.0316249997882
255	272	2629	1428.4302573104505
271	255	610	332.0316249997882
271	1187	823	448.4484362777955
1187	269	32444	13319.522551503112
1187	798	892	481.75720025755714
1187	271	823	448.4484362777955
269	1187	32444	13319.522551503112
269	550	30928	11834.108331429115
269	831	3243	1356.1356864266938
550	1082	9588	4051.381986433765
550	14	4550	1926.7830703013767
550	269	30928	11834.108331429115
1082	550	9588	4051.381986433765
1082	15	7050	3013.0041486861583
15	1082	7050	3013.0041486861583
15	551	3798	1506.0046480671963
15	21	7746	3310.6186732995993
551	15	3798	1506.0046480671963
21	15	7746	3310.6186732995993
21	22	1838	785.3368703938457
21	575	8518	3238.2237414977985
22	21	1838	785.3368703938457
22	558	9695	4143.608330911598
22	23	7958	2864.547433714443
558	22	9695	4143.608330911598
558	559	26987	11529.846529767861
558	352	21919	7956.197332897167
559	558	26987	11529.846529767861
559	561	949	402.43508793344546
561	1086	61854	23939.545275547738
561	559	949	402.43508793344546
561	562	1290	551.2621880738783
1086	561	61854	23939.545275547738
1086	560	10320	3715.6653509163066
1086	24	26334	9479.137197023789
560	548	35318	13296.372324811005
560	1086	10320	3715.6653509163066
560	1089	35063	13876.714452636113
548	543	3857	1414.4585536522447
548	549	9119	3856.29692840165
548	560	35318	13296.372324811005
543	544	1022	367.99184773578884
543	546	30072	12844.00467144107
543	548	3857	1414.4585536522447
544	543	1022	367.99184773578884
546	543	30072	12844.00467144107
549	548	9119	3856.29692840165
1089	560	35063	13876.714452636113
24	23	16192	5828.879223315576
24	1086	26334	9479.137197023789
24	34	11876	5071.231112856128
24	574	6058	2513.6946910872052
23	22	7958	2864.547433714443
23	24	16192	5828.879223315576
34	24	11876	5071.231112856128
574	24	6058	2513.6946910872052
562	25	10411	4436.8892255723495
562	561	1290	551.2621880738783
25	562	10411	4436.8892255723495
25	563	4126	1754.5270017870914
25	1087	18028	6989.829325527197
563	25	4126	1754.5270017870914
563	572	36775	15690.051943827337
563	311	23059	8373.818722661723
572	563	36775	15690.051943827337
572	343	41455	16994.613793787725
343	1216	10273	4379.967351476493
343	572	41455	16994.613793787725
1216	343	10273	4379.967351476493
1216	344	15035	6360.757895093949
344	1216	15035	6360.757895093949
344	880	9197	3592.798352259698
880	344	9197	3592.798352259698
880	33	8831	3227.47269546932
33	564	695	250.0
33	880	8831	3227.47269546932
564	565	18867	7823.299687472032
564	28	77519	28412.71794461065
564	33	695	250.0
565	564	18867	7823.299687472032
565	1091	3638	1439.7878315918633
1091	565	3638	1439.7878315918633
1091	312	27122	9898.479176115894
1091	32	26990	11473.927182965735
312	1091	27122	9898.479176115894
32	570	7315	3102.1650504123727
32	1091	26990	11473.927182965735
570	32	7315	3102.1650504123727
570	573	15075	6439.615671761786
573	570	15075	6439.615671761786
573	881	26588	11326.632156117723
573	1218	23663	8517.946818335977
881	573	26588	11326.632156117723
881	555	42899	15728.47408364842
881	345	24297	9458.969552757848
555	556	4598	1791.828674845896
555	566	6095	2219.521570068649
555	881	42899	15728.47408364842
556	555	4598	1791.828674845896
556	571	24923	10567.02725462559
571	18	26210	10707.407249189693
571	556	24923	10567.02725462559
18	1083	27603	9951.1372716891
18	20	35816	12951.93657334686
18	571	26210	10707.407249189693
1083	18	27603	9951.1372716891
20	18	35816	12951.93657334686
566	555	6095	2219.521570068649
566	1088	16428	5914.149981189182
1088	30	12096	5155.537314383439
1088	567	22098	7955.481757882422
1088	566	16428	5914.149981189182
30	1088	12096	5155.537314383439
30	567	13470	10123.112614211106
30	31	3601	2841.898133290495
567	1088	22098	7955.481757882422
567	29	1238	908.1459133861695
567	30	13470	10123.112614211106
29	1084	40801	17419.629875516872
29	569	4205	3147.784617790741
29	567	1238	908.1459133861695
1084	19	18510	6815.903901904721
1084	29	40801	17419.629875516872
1084	60	24829	10609.369868187272
19	1084	18510	6815.903901904721
60	600	29908	12532.743434699363
60	1084	24829	10609.369868187272
600	601	3808	2098.919960360566
600	60	29908	12532.743434699363
600	1104	2144	1159.0660032974827
601	600	3808	2098.919960360566
601	90	10198	5986.834305373751
90	601	10198	5986.834305373751
90	47	4398	2758.804994920808
47	580	4897	3042.1614026872408
47	585	835	317.02523558858843
47	90	4398	2758.804994920808
580	579	2628	1104.6673707501277
580	1094	3441	1996.3479155698287
580	46	367	148.4082207965583
580	47	4897	3042.1614026872408
579	42	3156	1184.4610588786784
579	580	2628	1104.6673707501277
579	89	2387	950.6613487462294
42	41	1465	560.357029044876
42	579	3156	1184.4610588786784
42	1094	851	353.0849756078556
41	1094	1191	739.6843921565468
41	42	1465	560.357029044876
41	633	954	611.5136956765564
41	645	1463	624.6959260312173
1094	41	1191	739.6843921565468
1094	42	851	353.0849756078556
1094	43	751	308.1509370422229
1094	580	3441	1996.3479155698287
43	1094	751	308.1509370422229
43	44	956	392.2269751049767
44	581	1056	434.24647379109484
44	1096	5006	1908.1509374260727
44	48	1059	403.20838284936485
44	43	956	392.2269751049767
581	44	1056	434.24647379109484
581	582	1446	594.3475414267313
581	1122	1802	691.0173659178183
582	1095	2698	1111.4697476764718
582	583	5323	2030.47802253558
582	1097	2750	1050.2975768800002
582	581	1446	594.3475414267313
1095	582	2698	1111.4697476764718
1095	45	1729	631.5069279113254
1095	98	1401	530.7899772979893
1095	99	5075	1930.0064766730707
45	1095	1729	631.5069279113254
98	1095	1401	530.7899772979893
99	584	1270	509.64497446752085
99	1095	5075	1930.0064766730707
99	119	4409	1799.5999555456763
584	583	1341	551.4172648729816
584	99	1270	509.64497446752085
584	644	2108	811.0055486863206
583	584	1341	551.4172648729816
583	582	5323	2030.47802253558
583	1096	2555	1066.752079913604
583	585	5216	1980.3759744048602
1096	44	5006	1908.1509374260727
1096	583	2555	1066.752079913604
1096	46	901	364.5394354524624
46	580	367	148.4082207965583
46	1096	901	364.5394354524624
585	47	835	317.02523558858843
585	583	5216	1980.3759744048602
644	584	2108	811.0055486863206
119	99	4409	1799.5999555456763
1097	582	2750	1050.2975768800002
1122	581	1802	691.0173659178183
48	44	1059	403.20838284936485
48	100	2067	810.2623032080414
48	101	698	262.68802789621
100	48	2067	810.2623032080414
101	48	698	262.68802789621
633	41	954	611.5136956765564
633	578	416	266.6777081047458
578	40	155	99.24716620639605
578	633	416	266.6777081047458
578	645	663	275.0872588834314
40	578	155	99.24716620639605
40	623	606	372.5614043349096
40	1113	855	339.21232288936676
623	40	606	372.5614043349096
623	646	2139	1364.6867772496369
623	1113	1078	389.80123139877327
646	622	2991	1912.7576950570608
646	102	2226	898.1007738555846
646	623	2139	1364.6867772496369
622	619	4967	3180.823321091569
622	646	2991	1912.7576950570608
622	1113	7818	3334.043341050023
619	78	829	458.5368033211729
619	622	4967	3180.823321091569
78	619	829	458.5368033211729
78	595	754	417.31043600657773
595	1101	4831	2063.552761622537
595	79	5080	3182.913445257348
595	78	754	417.31043600657773
1101	595	4831	2063.552761622537
79	595	5080	3182.913445257348
79	75	7824	4565.871767800756
79	620	8010	3425.001313868361
75	76	865	467.00963587489287
75	79	7824	4565.871767800756
75	620	9046	3258.167736627444
76	75	865	467.00963587489287
76	617	3762	2031.1302272380271
76	1125	3559	1520.9000624630141
617	1110	3854	2423.911095729379
617	1111	2779	1501.267797563113
617	76	3762	2031.1302272380271
1110	74	5262	3357.7345040964747
1110	616	3896	1430.1094363719162
1110	617	3854	2423.911095729379
74	1110	5262	3357.7345040964747
616	1110	3896	1430.1094363719162
1111	617	2779	1501.267797563113
1111	106	1018	550.2453997990351
1111	649	3600	1539.2196074634705
106	1111	1018	550.2453997990351
649	1111	3600	1539.2196074634705
1125	76	3559	1520.9000624630141
620	79	8010	3425.001313868361
620	594	12789	5468.000822969945
620	621	5799	2087.422573414401
620	75	9046	3258.167736627444
594	57	30616	12276.721915886179
594	620	12789	5468.000822969945
57	594	30616	12276.721915886179
621	1112	4599	1685.066764255945
621	620	5799	2087.422573414401
1112	618	3889	1636.6801764547647
1112	621	4599	1685.066764255945
1112	107	261	110.42191811411355
618	1112	3889	1636.6801764547647
618	77	3137	1329.7465924002213
618	77	3137	1329.7465924002213
77	618	3137	1329.7465924002213
77	618	3137	1329.7465924002213
107	1112	261	110.42191811411355
107	108	3914	1673.409095230452
108	107	3914	1673.409095230452
1113	40	855	339.21232288936676
1113	622	7818	3334.043341050023
1113	623	1078	389.80123139877327
102	646	2226	898.1007738555846
102	103	2178	924.9443226486662
103	102	2178	924.9443226486662
645	41	1463	624.6959260312173
645	578	663	275.0872588834314
89	579	2387	950.6613487462294
89	118	4310	1706.2391391595727
118	89	4310	1706.2391391595727
118	659	2747	1173.9816863988979
118	602	7571	2886.250162407964
659	118	2747	1173.9816863988979
602	39	5320	1915.1033914648056
602	118	7571	2886.250162407964
39	1093	15539	5594.2615240977075
39	602	5320	1915.1033914648056
39	121	4469	1894.5316043814103
1093	39	15539	5594.2615240977075
1093	597	4845	2071.127712141383
1093	1103	7540	3223.3426749261394
597	1093	4845	2071.127712141383
597	634	4786	2046.129272553423
634	597	4786	2046.129272553423
1103	1093	7540	3223.3426749261394
1103	603	12891	4649.080016519398
1103	83	22988	8364.504109628975
603	1103	12891	4649.080016519398
603	121	2325	907.2800008817565
121	39	4469	1894.5316043814103
121	603	2325	907.2800008817565
83	61	22643	8717.850709894039
83	1103	22988	8364.504109628975
61	1105	10113	4317.874013910086
61	83	22643	8717.850709894039
61	917	35646	13351.027863052343
1105	61	10113	4317.874013910086
1105	62	11567	4164.353971506264
1105	1124	13524	5510.498797749619
62	1105	11567	4164.353971506264
62	635	30814	13011.371718615988
635	62	30814	13011.371718615988
635	97	42822	15544.186952040945
635	109	20267	7567.772327442204
97	635	42822	15544.186952040945
97	650	4430	1605.9551674937877
97	651	4577	1935.5601256483872
650	97	4430	1605.9551674937877
651	97	4577	1935.5601256483872
109	635	20267	7567.772327442204
109	110	11059	4700.662187394452
109	652	1304	503.4332130481659
110	109	11059	4700.662187394452
652	109	1304	503.4332130481659
652	653	10825	4600.876546920163
652	606	17642	6358.656225964728
653	652	10825	4600.876546920163
606	604	1637	594.461941590881
606	652	17642	6358.656225964728
606	1106	1692	668.4923335386876
604	1106	942	391.817559586091
604	606	1637	594.461941590881
1106	604	942	391.817559586091
1106	111	7321	3124.856636711515
1106	606	1692	668.4923335386876
111	1106	7321	3124.856636711515
111	654	1333	530.4488665272082
111	655	2519	1063.7612514093564
654	111	1333	530.4488665272082
654	655	1444	615.5485358604957
654	1234	48374	18226.34403823213
655	654	1444	615.5485358604957
655	111	2519	1063.7612514093564
655	1126	2501	1066.21995854514
1126	655	2501	1066.21995854514
1126	112	9832	3672.669328975861
112	1126	9832	3672.669328975861
1234	654	48374	18226.34403823213
1234	387	6461	2745.471362079743
1234	922	6528	2720.747875125514
387	388	6927	3746.0439132503507
387	922	967	529.3958821146987
387	1234	6461	2745.471362079743
387	411	2117	898.2338225651492
388	387	6927	3746.0439132503507
388	159	8066	4355.083696095862
159	160	10117	5462.571280999453
159	1146	10063	4299.817321701004
159	388	8066	4355.083696095862
160	159	10117	5462.571280999453
160	63	2797	1510.1602563966514
160	1076	9249	3952.6198906548047
63	64	1934	811.9045510403301
63	605	2612	1087.7067619537906
63	160	2797	1510.1602563966514
64	63	1934	811.9045510403301
605	63	2612	1087.7067619537906
605	49	1822	757.6384361949966
49	586	19332	7321.617990581044
49	607	587	248.11690792850052
49	605	1822	757.6384361949966
586	49	19332	7321.617990581044
607	49	587	248.11690792850052
607	637	3124	1294.8146585515628
607	113	4305	1560.974695502781
637	636	1502	619.6490942460903
637	607	3124	1294.8146585515628
636	91	6315	2551.5438463800697
636	637	1502	619.6490942460903
91	608	1613	643.4011190540471
91	636	6315	2551.5438463800697
608	1107	9492	5233.122394899627
608	91	1613	643.4011190540471
608	92	7673	3252.091634625322
1107	608	9492	5233.122394899627
1107	1100	7524	4062.5361536852815
1107	114	6600	2780.9857964398166
1100	54	4014	1445.04705805728
1100	54	2676	1445.04705805728
1100	1107	7524	4062.5361536852815
54	1100	4014	1445.04705805728
54	1100	2676	1445.04705805728
54	55	3356	1840.1893924267686
55	592	12795	5057.113109274896
55	54	3356	1840.1893924267686
55	67	3429	1909.1959040391848
592	55	12795	5057.113109274896
592	593	2475	968.4219121849733
592	593	2475	968.4219121849733
593	592	2475	968.4219121849733
593	56	9690	3699.5720022726955
593	592	2475	968.4219121849733
56	593	9690	3699.5720022726955
67	55	3429	1909.1959040391848
67	591	12859	7002.263776808183
67	115	3942	1486.0555171325195
591	1099	6783	2500.9378240971923
591	53	4368	2376.6278631708415
591	67	12859	7002.263776808183
1099	590	14852	6252.927714279128
1099	53	1080	461.57339611377085
1099	591	6783	2500.9378240971923
590	1099	14852	6252.927714279128
53	1099	1080	461.57339611377085
53	591	4368	2376.6278631708415
53	52	4861	2648.261694017417
53	657	9512	4045.398620655324
52	51	1940	736.4652062385568
52	53	4861	2648.261694017417
52	51	1293	736.4652062385568
51	589	14189	6066.166911650223
51	52	1940	736.4652062385568
51	52	1293	736.4652062385568
51	609	13460	8300.748942113598
589	51	14189	6066.166911650223
609	51	13460	8300.748942113598
609	610	8481	4732.320572404198
609	116	3039	1104.603096139061
610	1108	7584	4278.055282485256
610	1098	4578	1895.987605444719
610	609	8481	4732.320572404198
1108	610	7584	4278.055282485256
1108	68	231	85.42833253669417
1108	117	14105	5999.1221024413235
68	69	10427	5956.7263660503995
68	611	33695	14310.213869820394
68	1108	231	85.42833253669417
69	68	10427	5956.7263660503995
69	72	28066	15185.137799835733
69	85	2036	818.273792810206
72	73	10262	5594.636091829388
72	69	28066	15185.137799835733
72	630	9658	5895.940467813426
72	96	28832	17614.286247248285
73	72	10262	5594.636091829388
73	596	6516	2780.1253568859083
73	82	35417	14051.209271802907
73	628	10556	5757.537320764843
596	1102	12330	4450.957762100198
596	627	28082	11969.438123821854
596	73	6516	2780.1253568859083
1102	596	12330	4450.957762100198
1102	638	4014	1713.0650892479246
638	1102	4014	1713.0650892479246
627	1114	2142	800.3961519147878
627	596	28082	11969.438123821854
627	613	55056	20846.773395420212
1114	627	2142	800.3961519147878
1114	1115	12373	4783.271265567112
1115	80	3224	1187.0206400901377
1115	1114	12373	4783.271265567112
80	81	29968	10792.287060674396
80	626	7667	3117.2195944463074
80	1115	3224	1187.0206400901377
81	80	29968	10792.287060674396
626	624	20250	8648.525885953051
626	80	7667	3117.2195944463074
624	625	21480	7733.4019034316325
624	626	20250	8648.525885953051
624	86	34076	12674.78165492408
625	624	21480	7733.4019034316325
625	642	14665	5282.148237223185
625	643	9463	3594.040762150591
642	625	14665	5282.148237223185
643	625	9463	3594.040762150591
86	624	34076	12674.78165492408
613	612	5185	1969.134327566304
613	627	55056	20846.773395420212
612	613	5185	1969.134327566304
612	614	1312	841.2585809369198
612	71	7395	4739.190331691691
614	612	1312	841.2585809369198
614	615	1988	1266.868975072008
614	615	2983	1266.868975072008
615	614	1988	1266.868975072008
615	614	2983	1266.868975072008
615	88	2208	1374.6945115188319
88	615	2208	1374.6945115188319
88	120	22974	14717.521428555829
120	88	22974	14717.521428555829
120	660	8614	3394.123303594022
660	120	8614	3394.123303594022
71	1109	1716	1091.4435395383491
71	612	7395	4739.190331691691
71	1121	4674	1922.596421509205
1109	70	12994	7761.436529406138
1109	71	1716	1091.4435395383491
1109	1117	5346	1929.8398897317882
70	1109	12994	7761.436529406138
70	96	3662	2252.8579626776295
70	96	5493	2252.8579626776295
96	72	28832	17614.286247248285
96	70	3662	2252.8579626776295
96	70	5493	2252.8579626776295
1117	611	17136	7312.528700798377
1117	1109	5346	1929.8398897317882
1117	658	5897	2123.5482099542737
611	68	33695	14310.213869820394
611	1117	17136	7312.528700798377
658	1117	5897	2123.5482099542737
1121	71	4674	1922.596421509205
82	73	35417	14051.209271802907
82	1119	6793	2464.17734751377
82	639	8798	3715.315868132883
1119	1118	1921	749.5665414091
1119	94	1171	500.0289991590488
1119	82	6793	2464.17734751377
1118	93	14590	5863.120841326741
1118	1119	1921	749.5665414091
93	1118	14590	5863.120841326741
94	1119	1171	500.0289991590488
94	95	7171	3029.5387437694208
95	94	7171	3029.5387437694208
639	82	8798	3715.315868132883
628	73	10556	5757.537320764843
628	631	5735	3344.134118123853
631	632	12995	7030.9977954768265
631	628	5735	3344.134118123853
632	631	12995	7030.9977954768265
630	72	9658	5895.940467813426
630	87	13251	8440.161432105431
87	1116	13085	8253.03241239243
87	630	13251	8440.161432105431
87	1120	8977	3631.2015917599506
1116	87	13085	8253.03241239243
1116	1139	10096	6461.593611486256
1139	1116	10096	6461.593611486256
1139	152	379	235.69683918118207
152	693	22333	14265.687820781723
152	1139	379	235.69683918118207
693	692	23722	12808.042512421638
693	152	22333	14265.687820781723
693	694	34822	19011.392189947583
693	695	10111	6346.607912893312
692	151	10104	5456.379110729019
692	693	23722	12808.042512421638
151	1130	17380	9500.015631566088
151	692	10104	5456.379110729019
1130	667	17239	7369.802778907994
1130	125	13372	7277.054623953293
1130	151	17380	9500.015631566088
667	1130	17239	7369.802778907994
125	126	16248	6921.416040088907
125	1134	6905	3728.000536480648
125	1130	13372	7277.054623953293
126	125	16248	6921.416040088907
126	715	14518	6180.0321196576315
715	126	14518	6180.0321196576315
1134	134	24199	13066.000956681428
1134	682	9756	4170.491098180165
1134	125	6905	3728.000536480648
134	1133	3135	1821.061778194249
134	1134	24199	13066.000956681428
134	1133	4703	1821.061778194249
1133	675	8585	3417.4910387592827
1133	134	3135	1821.061778194249
1133	134	4703	1821.061778194249
1133	675	5723	3417.4910387592827
675	1133	8585	3417.4910387592827
675	1133	5723	3417.4910387592827
675	718	4455	2405.8763476122376
718	675	4455	2405.8763476122376
718	1253	18903	10206.815223173191
1253	718	18903	10206.815223173191
1253	419	13070	7057.063766184914
1253	710	9872	4219.005807059289
1253	429	35515	14299.627722426902
419	944	5256	2246.0002226179763
419	1253	13070	7057.063766184914
419	965	16910	9130.039923242395
944	943	7360	2858.4198432000853
944	418	4690	2004.1207548448772
944	419	5256	2246.0002226179763
943	944	7360	2858.4198432000853
943	979	8885	3198.050656259216
943	418	5756	2072.03474874337
979	943	8885	3198.050656259216
979	959	33620	14352.680028482486
979	978	11461	4125.737388637333
959	1235	29153	12429.808445828921
959	979	33620	14352.680028482486
1235	923	22081	8852.039143609793
1235	959	29153	12429.808445828921
923	924	6424	2527.9240494919936
923	1235	22081	8852.039143609793
924	923	6424	2527.9240494919936
924	170	14578	5247.68844349586
170	710	40813	17442.027548424525
170	393	62906	26852.614490957858
170	924	14578	5247.68844349586
710	170	40813	17442.027548424525
710	418	19566	7043.000070992474
710	1253	9872	4219.005807059289
418	944	4690	2004.1207548448772
418	943	5756	2072.03474874337
418	710	19566	7043.000070992474
393	170	62906	26852.614490957858
393	394	1981	721.726402454559
393	916	21204	8792.509823707904
394	393	1981	721.726402454559
394	928	5459	2184.5553323273825
928	656	19967	8218.086456104
928	394	5459	2184.5553323273825
656	92	6087	2513.3756185655975
656	1127	7406	2750.03872700004
656	928	19967	8218.086456104
92	608	7673	3252.091634625322
92	656	6087	2513.3756185655975
1127	656	7406	2750.03872700004
916	383	6904	2485.136012374373
916	393	21204	8792.509823707904
383	916	6904	2485.136012374373
978	967	4896	1762.3089967426258
978	979	11461	4125.737388637333
967	425	9694	4142.06953104363
967	978	4896	1762.3089967426258
425	965	3671	1982.0090817148139
425	966	14114	7735.591767925709
425	967	9694	4142.06953104363
965	425	3671	1982.0090817148139
965	419	16910	9130.039923242395
966	425	14114	7735.591767925709
966	968	16161	6903.924463665575
968	966	16161	6903.924463665575
968	426	13772	5769.612205339281
968	427	15360	5571.553912509507
426	968	13772	5769.612205339281
426	969	18354	6846.11488364021
969	970	8150	3480.9128113183187
969	426	18354	6846.11488364021
969	1261	7393	2756.8986198262714
970	969	8150	3480.9128113183187
1261	1254	4395	1626.3529752178645
1261	969	7393	2756.8986198262714
1254	428	7515	3047.409555671833
1254	1255	20676	8823.940729628684
1254	1261	4395	1626.3529752178645
428	1254	7515	3047.409555671833
428	972	17263	6216.190553707311
972	430	4440	1889.1230769857214
972	432	2761	1178.51856158484
972	428	17263	6216.190553707311
430	431	23922	8933.6266431948
430	972	4440	1889.1230769857214
430	971	11940	4551.187647197157
431	430	23922	8933.6266431948
431	421	4205	1514.2219124025382
421	1251	9567	4088.5992711440917
421	431	4205	1514.2219124025382
421	135	19945	7179.423723391732
1251	420	16114	6329.082476947192
1251	421	9567	4088.5992711440917
420	1251	16114	6329.082476947192
135	136	3765	1356.3067499647711
135	137	4445	1898.4862390862884
135	421	19945	7179.423723391732
136	135	3765	1356.3067499647711
136	676	9868	3555.979330648591
136	137	5412	2173.370193961443
676	136	9868	3555.979330648591
676	127	20048	7633.731459777715
127	128	14126	6030.373951920395
127	1135	22144	8243.92188221116
127	676	20048	7633.731459777715
128	127	14126	6030.373951920395
1135	127	22144	8243.92188221116
1135	682	319	129.00387591076478
1135	1136	15331	6010.072295738213
682	1135	319	129.00387591076478
682	1136	10243	6044.5516789915855
682	1134	9756	4170.491098180165
1136	682	10243	6044.5516789915855
1136	640	5502	3434.4759425565935
1136	1135	15331	6010.072295738213
640	641	5782	3647.024677733892
640	1136	5502	3434.4759425565935
640	683	25855	9326.93138175681
641	640	5782	3647.024677733892
641	684	44495	28397.10622581111
684	666	6576	4204.035799086397
684	712	24141	8863.449046505542
684	641	44495	28397.10622581111
666	1129	9100	3862.195360154636
666	684	6576	4204.035799086397
666	1129	6067	3862.195360154636
1129	666	9100	3862.195360154636
1129	666	6067	3862.195360154636
1129	143	20968	13273.867409312179
143	1129	20968	13273.867409312179
143	144	35962	22452.870930016947
143	685	9882	5576.5441807628495
143	130	21116	12017.870027588084
144	143	35962	22452.870930016947
144	1131	3376	2070.0782593902095
1131	131	32294	12270.449258279014
1131	662	8741	5198.511325369986
1131	144	3376	2070.0782593902095
131	1131	32294	12270.449258279014
131	716	2742	1042.604910788358
716	131	2742	1042.604910788358
662	661	957	892.1261121612796
662	122	1333	1237.9919224292216
662	1131	8741	5198.511325369986
662	1145	3414	1978.0647107716168
661	662	957	892.1261121612796
661	173	20761	19173.46637934831
173	661	20761	19173.46637934831
173	714	8437	7824.449693109414
714	1149	7029	6519.032827038072
714	172	35949	15376.045167727623
714	173	8437	7824.449693109414
1149	714	7029	6519.032827038072
172	166	768	285.88284313683465
172	714	35949	15376.045167727623
166	672	10255	5841.289241254879
166	172	768	285.88284313683465
166	741	24501	15655.91370696709
672	673	17105	6988.742733854208
672	1145	34254	18505.723033699604
672	166	10255	5841.289241254879
673	672	17105	6988.742733854208
1145	662	3414	1978.0647107716168
1145	672	34254	18505.723033699604
1145	165	37969	14064.814538414646
165	1145	37969	14064.814538414646
165	175	15470	6462.625627405629
175	165	15470	6462.625627405629
175	1153	23762	8952.677811694108
175	1169	26709	9845.66732121292
1153	175	23762	8952.677811694108
1153	726	37143	26739.79351079585
1153	228	10440	7521.770336828957
1153	1265	4750	2013.2960537387441
726	183	4341	1853.058282947409
726	741	2464	1830.587337441183
726	1153	37143	26739.79351079585
183	726	4341	1853.058282947409
741	194	3875	1656.5014337452292
741	166	24501	15655.91370696709
741	225	7252	5438.436631974303
741	726	2464	1830.587337441183
194	736	4625	1824.2875321615286
194	741	3875	1656.5014337452292
194	742	4072	1708.962258214031
736	194	4625	1824.2875321615286
742	194	4072	1708.962258214031
742	185	5311	2190.470725666061
185	184	3675	1389.079191407027
185	742	5311	2190.470725666061
185	728	2945	1240.3680905279691
184	185	3675	1389.079191407027
728	727	4472	1612.0598624120632
728	185	2945	1240.3680905279691
728	187	1141	488.0
727	728	4472	1612.0598624120632
727	186	20402	7458.785021704272
186	727	20402	7458.785021704272
187	729	2363	851.8597302373203
187	728	1141	488.0
187	730	1586	678.3900058226094
729	187	2363	851.8597302373203
729	730	2683	1018.3486632779561
729	188	1985	838.69243468628
729	188	1985	838.69243468628
730	729	2683	1018.3486632779561
730	187	1586	678.3900058226094
730	1154	6118	2588.7777038594872
1154	188	5517	2343.5368569749444
1154	730	6118	2588.7777038594872
1154	731	9904	4234.143124647536
188	1154	5517	2343.5368569749444
188	729	1985	838.69243468628
188	729	1985	838.69243468628
731	732	5061	2080.438415334614
731	1154	9904	4234.143124647536
731	189	449	162.2621335986927
732	731	5061	2080.438415334614
732	195	6871	2914.720226711305
195	737	260	110.42191811411355
195	201	703	393.57083225259464
195	732	6871	2914.720226711305
737	191	5357	2248.521736608299
737	195	260	110.42191811411355
191	1156	3863	1487.0978447970397
191	737	5357	2248.521736608299
191	1157	824	333.4786349978061
1156	191	3863	1487.0978447970397
1156	735	5646	2170.391669722311
1156	193	3531	1275.0850951995321
735	1156	5646	2170.391669722311
193	1156	3531	1275.0850951995321
1157	191	824	333.4786349978061
1157	768	688	260.8601157708859
768	226	4041	2541.5241490098024
768	196	1557	992.0252012927897
768	1157	688	260.8601157708859
226	768	4041	2541.5241490098024
226	227	4962	3074.76958486323
226	201	425	158.51813776347487
227	226	4962	3074.76958486323
227	1175	5489	3119.087206219153
1175	234	3487	1976.189515203438
1175	227	5489	3119.087206219153
234	1175	3487	1976.189515203438
201	195	703	393.57083225259464
201	226	425	158.51813776347487
196	1158	7088	4449.444572078632
196	1160	2738	1010.0693045529104
196	768	1557	992.0252012927897
1158	196	7088	4449.444572078632
1158	204	6229	3814.534440793529
1158	740	1482	857.1125947038697
204	1158	6229	3814.534440793529
204	747	16054	6651.593042271904
204	1162	7641	4633.099178735547
747	204	16054	6651.593042271904
747	1162	3434	2200.8966354647373
747	198	5871	3767.2808496314688
1162	204	7641	4633.099178735547
1162	747	3434	2200.8966354647373
1162	745	23128	9892.65596288479
745	202	3757	1397.3793328942575
745	746	2518	941.9511664624658
745	1162	23128	9892.65596288479
202	745	3757	1397.3793328942575
202	766	4572	1954.327761661283
202	1160	2769	1030.7652497052857
766	202	4572	1954.327761661283
1160	196	2738	1010.0693045529104
1160	202	2769	1030.7652497052857
1160	1179	4197	1759.4914037869012
1179	1160	4197	1759.4914037869012
746	745	2518	941.9511664624658
746	743	2573	961.026534493195
743	744	8348	3354.7353099760344
743	203	6789	2606.736849012573
743	746	2573	961.026534493195
744	743	8348	3354.7353099760344
203	743	6789	2606.736849012573
198	199	11359	4206.850722333751
198	747	5871	3767.2808496314688
198	222	21947	13959.789862315263
199	198	11359	4206.850722333751
222	1170	36033	21883.137663507034
222	725	7020	2644.9206037232952
222	198	21947	13959.789862315263
1170	222	36033	21883.137663507034
1170	223	5052	2159.2267134323806
1170	753	2559	1393.6097014587692
223	1170	5052	2159.2267134323806
753	208	694	377.24395290050705
753	1170	2559	1393.6097014587692
208	750	5114	2177.9003650305035
208	1163	708	294.0017006753532
208	753	694	377.24395290050705
750	208	5114	2177.9003650305035
750	777	852	359.07102361510596
777	778	6173	2564.083071977193
777	750	852	359.07102361510596
778	777	6173	2564.083071977193
1163	751	12992	4677.7793877009635
1163	748	25382	10718.45529915575
1163	208	708	294.0017006753532
751	1163	12992	4677.7793877009635
751	748	25319	10752.506312483616
751	224	15306	5666.469182833345
748	724	36419	14696.252889767513
748	1163	25382	10718.45529915575
748	751	25319	10752.506312483616
748	757	15654	5892.946376813555
748	1292	12252	4424.158338034478
724	725	17362	6398.06001847435
724	1152	3642	1545.992561431005
724	748	36419	14696.252889767513
725	724	17362	6398.06001847435
725	222	7020	2644.9206037232952
1152	182	2282	976.0
1152	182	2282	976.0
1152	724	3642	1545.992561431005
182	1152	2282	976.0
182	1152	2282	976.0
182	779	12552	5253.579541607798
779	182	12552	5253.579541607798
779	206	21499	9154.78721762554
206	205	3845	1644.462526176866
206	779	21499	9154.78721762554
205	206	3845	1644.462526176866
205	749	5137	2956.7605584490607
205	734	2984	1659.2001084860137
749	207	7381	2793.829271805992
749	197	4419	2475.503181173476
749	205	5137	2956.7605584490607
207	749	7381	2793.829271805992
207	740	2662	1479.8790491117848
207	197	643	403.00124069287926
740	1159	4215	1791.844301271737
740	1158	1482	857.1125947038697
740	207	2662	1479.8790491117848
1159	740	4215	1791.844301271737
197	739	8475	3603.390625508148
197	207	643	403.00124069287926
197	749	4419	2475.503181173476
739	738	9608	3919.313843008748
739	197	8475	3603.390625508148
739	1161	7593	3060.282503299328
738	739	9608	3919.313843008748
1161	739	7593	3060.282503299328
734	192	4481	1701.3609258473052
734	205	2984	1659.2001084860137
734	769	4456	2502.557092255839
192	734	4481	1701.3609258473052
769	734	4456	2502.557092255839
769	236	19516	10764.700274508343
769	235	6703	2863.092733391638
236	769	19516	10764.700274508343
236	770	295	159.07859692617356
770	760	8493	4641.441586403948
770	236	295	159.07859692617356
770	782	14512	5420.450350293783
760	209	27731	11852.858305067179
760	770	8493	4641.441586403948
760	782	9399	4015.6217451348675
209	752	14369	6052.947794256944
209	760	27731	11852.858305067179
752	209	14369	6052.947794256944
752	757	10059	3809.8583963186875
752	755	6701	2790.7339536401532
757	752	10059	3809.8583963186875
757	748	15654	5892.946376813555
755	212	36286	15393.565668811108
755	752	6701	2790.7339536401532
212	213	1961	836.7466761212738
212	755	36286	15393.565668811108
212	237	6440	2367.4697463748084
213	212	1961	836.7466761212738
213	1164	5753	2417.238920752353
1164	210	336	143.02796929272262
1164	224	13015	4863.908716248692
1164	213	5753	2417.238920752353
210	1164	336	143.02796929272262
224	1164	13015	4863.908716248692
224	751	15306	5666.469182833345
237	1177	4127	1486.3677203168804
237	212	6440	2367.4697463748084
1177	237	4127	1486.3677203168804
1177	1172	264	100.20977996183805
1172	176	30508	11002.615325457853
1172	1177	264	100.20977996183805
176	177	3665	1562.634954171959
176	211	27004	9722.312173552133
176	1172	30508	11002.615325457853
177	176	3665	1562.634954171959
177	241	6296	2538.0482658925143
241	177	6296	2538.0482658925143
211	176	27004	9722.312173552133
211	761	9207	5904.0
211	784	2221	1424.0505609001389
761	218	14209	6048.8921299689255
761	1168	11586	7033.304841964409
761	215	6437	3545.5326821226736
761	211	9207	5904.0
218	761	14209	6048.8921299689255
218	1168	12796	4606.079135229876
218	219	10346	3724.0
1168	218	12796	4606.079135229876
1168	756	5955	3698.0191995174932
1168	761	11586	7033.304841964409
756	754	11991	5124.164419688345
756	1168	5955	3698.0191995174932
756	179	6879	4122.906256513723
754	1165	22099	9390.375125627304
754	756	11991	5124.164419688345
754	1171	34607	12771.795253604718
1165	754	22099	9390.375125627304
1171	754	34607	12771.795253604718
1171	1178	1688	609.0155991434045
1178	783	2591	1073.0517228913059
1178	219	32452	13800.108115518517
1178	1171	1688	609.0155991434045
783	1178	2591	1073.0517228913059
783	220	4683	1983.291456140524
220	217	60188	25250.36445281533
220	783	4683	1983.291456140524
217	1167	17992	7178.001114516492
217	220	60188	25250.36445281533
1167	217	17992	7178.001114516492
1167	762	9906	3863.834364979948
762	1167	9906	3863.834364979948
762	763	4644	1969.8045588331854
762	1000	5990	2387.4364913019153
763	762	4644	1969.8045588331854
1000	762	5990	2387.4364913019153
219	218	10346	3724.0
219	1178	32452	13800.108115518517
219	215	17417	7399.206038488183
215	214	14151	7858.8371277180695
215	761	6437	3545.5326821226736
215	219	17417	7399.206038488183
214	215	14151	7858.8371277180695
214	785	6177	3694.6221728344563
785	214	6177	3694.6221728344563
785	787	2720	1712.9932866184852
787	785	2720	1712.9932866184852
179	720	12398	4949.006465948494
179	453	22689	12919.856732951801
179	756	6879	4122.906256513723
720	179	12398	4949.006465948494
453	179	22689	12919.856732951801
784	211	2221	1424.0505609001389
784	786	2983	1913.0588072508383
786	784	2983	1913.0588072508383
782	232	4325	1709.9418118754802
782	760	9399	4015.6217451348675
782	770	14512	5420.450350293783
232	719	10800	4277.040098011708
232	782	4325	1709.9418118754802
719	1151	10916	4279.891821062771
719	759	21549	7906.155576511254
719	232	10800	4277.040098011708
1151	719	10916	4279.891821062771
1151	178	7303	2863.134645803442
1151	953	10313	3790.2439235489846
178	1151	7303	2863.134645803442
953	1151	10313	3790.2439235489846
759	719	21549	7906.155576511254
759	758	26097	10361.360962730716
759	216	15082	6403.598519582563
758	1166	28366	12036.313596778708
758	759	26097	10361.360962730716
758	775	767	328.0243893371345
1166	758	28366	12036.313596778708
1166	765	31628	13418.283943932622
765	221	22119	9455.677342210869
765	723	19337	7895.10031601879
765	1166	31628	13418.283943932622
221	764	5950	2532.221356832771
221	765	22119	9455.677342210869
221	771	3505	2527.3563262824655
221	774	2279	1641.996650422893
764	221	5950	2532.221356832771
764	1169	859	367.1961328772404
1169	175	26709	9845.66732121292
1169	764	859	367.1961328772404
1169	239	1600	684.1871089110055
239	1169	1600	684.1871089110055
239	663	17060	7285.89047406012
663	123	1182	1093.984003539357
663	1174	1512	1399.892853042689
663	239	17060	7285.89047406012
663	690	3797	1620.8852519533887
123	663	1182	1093.984003539357
123	174	6164	5719.507845960175
174	123	6164	5719.507845960175
174	122	13798	12820.000390015595
122	662	1333	1237.9919224292216
122	174	13798	12820.000390015595
1174	663	1512	1399.892853042689
1174	231	1256	1153.7252705908804
231	230	7023	6461.786285540555
231	1174	1256	1153.7252705908804
230	231	7023	6461.786285540555
230	1031	28686	26165.653536649912
1031	230	28686	26165.653536649912
1031	479	1467	1369.9671528909005
479	1018	4429	1847.7472770917564
479	1019	5959	2523.579204225617
479	1031	1467	1369.9671528909005
479	1281	1194	1117.6783973934541
1018	479	4429	1847.7472770917564
1018	1286	17378	6260.442316641852
1286	1018	17378	6260.442316641852
1286	505	4022	1718.103896741987
1286	1285	15575	5634.193198675388
505	1286	4022	1718.103896741987
1285	480	13434	4836.812276696295
1285	1286	15575	5634.193198675388
1285	506	5457	2317.949524903422
480	457	5235	1931.2899834048744
480	1285	13434	4836.812276696295
457	458	16277	6901.1321534948165
457	480	5235	1931.2899834048744
457	481	24460	9138.265152642487
458	457	16277	6901.1321534948165
481	457	24460	9138.265152642487
481	1020	2142	807.9220259406226
481	1277	25370	10027.996110888755
481	439	2195	880.2647329070954
1020	481	2142	807.9220259406226
1020	984	25436	10866.225333573751
984	963	13318	5359.280735322604
984	1020	25436	10866.225333573751
963	1252	10834	3900.6589186956608
963	1256	4320	1844.5262264332268
963	984	13318	5359.280735322604
1252	963	10834	3900.6589186956608
1252	442	7964	3221.766596139453
442	1252	7964	3221.766596139453
1256	963	4320	1844.5262264332268
1256	437	3750	1527.6154620846178
437	1256	3750	1527.6154620846178
437	438	11545	4910.7124737659
438	437	11545	4910.7124737659
438	422	8057	3134.633152380036
422	962	3817	1504.2247172547059
422	438	8057	3134.633152380036
422	441	4430	1833.7461656401629
962	422	3817	1504.2247172547059
962	1260	42604	15358.432244210344
1260	687	37108	13361.392479827842
1260	962	42604	15358.432244210344
687	688	49237	20988.287138306452
687	681	14631	6236.285833731485
687	1260	37108	13361.392479827842
688	687	49237	20988.287138306452
688	146	13867	5141.633398055525
688	35	27729	10165.848021685157
146	688	13867	5141.633398055525
146	147	28276	10849.103972218167
147	689	15698	5751.05729409819
147	146	28276	10849.103972218167
689	147	15698	5751.05729409819
689	1138	1029	376.36418533117626
1138	148	394	162.3884232326923
1138	149	573	229.71286424577968
1138	689	1029	376.36418533117626
148	1138	394	162.3884232326923
148	150	48209	19750.443944377555
148	149	803	340.87241014784405
150	685	15093	6451.002402727811
150	148	48209	19750.443944377555
150	670	32604	13934.538564301296
685	143	9882	5576.5441807628495
685	145	10625	5739.681262927411
685	150	15093	6451.002402727811
145	680	17722	9666.49496973955
145	685	10625	5739.681262927411
145	1128	15174	6443.411673950377
680	141	24252	13655.058586472634
680	145	17722	9666.49496973955
141	680	24252	13655.058586472634
141	681	18963	8104.679759250207
141	434	21304	12303.68940602777
681	141	18963	8104.679759250207
681	687	14631	6236.285833731485
434	139	23206	9521.16305920658
434	975	20686	11219.733508421668
434	141	21304	12303.68940602777
139	140	3586	1417.7535046685655
139	434	23206	9521.16305920658
140	139	3586	1417.7535046685655
140	677	10097	4175.519129401756
677	678	33023	14113.506899420852
677	679	49213	17731.87863707622
677	140	10097	4175.519129401756
678	677	33023	14113.506899420852
678	138	13615	5819.124074978982
138	137	15585	6661.165813879729
138	678	13615	5819.124074978982
137	135	4445	1898.4862390862884
137	136	5412	2173.370193961443
137	138	15585	6661.165813879729
679	677	49213	17731.87863707622
679	665	8357	3013.8117061289677
665	124	13313	5351.336375149669
665	142	17964	6480.333633386479
665	679	8357	3013.8117061289677
124	665	13313	5351.336375149669
142	665	17964	6480.333633386479
975	955	40671	16836.74511299616
975	434	20686	11219.733508421668
975	435	15697	8496.805811597673
955	414	3529	1423.1380818458904
955	415	2151	911.5580069309907
955	975	40671	16836.74511299616
414	415	2762	1007.0988034944734
414	955	3529	1423.1380818458904
414	416	2062	761.231896336458
415	414	2762	1007.0988034944734
415	433	12042	4587.416811234837
415	955	2151	911.5580069309907
433	974	15690	6643.696109847289
433	415	12042	4587.416811234837
974	433	15690	6643.696109847289
974	973	15100	6226.164870929776
973	432	2775	1184.577983925077
973	974	15100	6226.164870929776
432	973	2775	1184.577983925077
432	972	2761	1178.51856158484
432	983	5954	2145.6975555748763
983	432	5954	2145.6975555748763
416	956	18435	6690.0106128465895
416	414	2062	761.231896336458
956	416	18435	6690.0106128465895
435	424	4430	2392.035325826105
435	975	15697	8496.805811597673
424	954	21698	11718.110982577355
424	435	4430	2392.035325826105
424	976	23662	10006.32724829645
954	1250	15193	6422.779616334348
954	424	21698	11718.110982577355
954	964	1103	595.6122900008024
1250	954	15193	6422.779616334348
964	423	11125	6108.139242027804
964	954	1103	595.6122900008024
423	964	11125	6108.139242027804
423	957	11435	4881.105202717926
957	417	19019	8122.90988501042
957	958	18390	7282.656795428437
957	423	11435	4881.105202717926
417	957	19019	8122.90988501042
417	958	14706	5459.770416418624
417	982	16808	7022.121189498227
958	957	18390	7282.656795428437
958	417	14706	5459.770416418624
982	417	16808	7022.121189498227
976	424	23662	10006.32724829645
976	440	20595	8622.301548890528
440	441	17090	7203.308267733653
440	976	20595	8622.301548890528
441	440	17090	7203.308267733653
441	422	4430	1833.7461656401629
1128	664	17329	6725.844036252996
1128	145	15174	6443.411673950377
664	1128	17329	6725.844036252996
670	671	21353	8327.166144613664
670	690	26770	11401.640452145471
670	150	32604	13934.538564301296
671	670	21353	8327.166144613664
690	670	26770	11401.640452145471
690	171	6111	2240.0511154882156
690	663	3797	1620.8852519533887
171	690	6111	2240.0511154882156
171	1148	2854	1208.8527619193333
171	149	25498	10185.593600767705
1148	171	2854	1208.8527619193333
149	1138	573	229.71286424577968
149	148	803	340.87241014784405
149	171	25498	10185.593600767705
35	36	8225	3515.1280204282743
35	960	16179	5862.592003542461
35	688	27729	10165.848021685157
36	35	8225	3515.1280204282743
960	961	18775	7611.511347951864
960	35	16179	5862.592003542461
961	960	18775	7611.511347951864
1277	481	25370	10027.996110888755
1277	483	2407	1028.2572635289284
1277	526	30446	11624.61130532974
483	1025	30645	11601.49408481511
483	1277	2407	1028.2572635289284
483	484	3773	1610.361760599152
1025	483	30645	11601.49408481511
1025	1044	21019	7583.647473346846
1044	1025	21019	7583.647473346846
1044	1022	13036	4731.447135919411
1022	1023	5361	1985.344806324584
1022	1032	1116	1037.8824596263298
1022	495	1013	952.5754563287887
1022	1044	13036	4731.447135919411
1023	1022	5361	1985.344806324584
1023	490	1795	1351.6131103241046
490	1023	1795	1351.6131103241046
1032	1281	10981	10364.46260063685
1032	1022	1116	1037.8824596263298
1281	1032	10981	10364.46260063685
1281	479	1194	1117.6783973934541
495	1022	1013	952.5754563287887
495	1284	4335	3969.6952024053435
1284	1043	12196	11015.295229815676
1284	495	4335	3969.6952024053435
1043	1275	17173	15808.455364139787
1043	1284	12196	11015.295229815676
1275	1021	1131	1052.3668561865677
1275	1043	17173	15808.455364139787
1021	1275	1131	1052.3668561865677
1021	133	1666	1546.5267537291427
133	132	1344	1246.3907894396525
133	1021	1666	1546.5267537291427
132	133	1344	1246.3907894396525
132	1276	10010	6108.08906287392
132	476	1523	929.2857472274069
132	1036	33402	30588.623800360812
132	1037	80510	29527.32056926263
1276	132	10010	6108.08906287392
1276	456	4287	2577.0060147388094
1276	1001	2068	1489.0003357957983
1276	488	10419	7501.07258997005
456	1001	4928	2105.0002375296776
456	1276	4287	2577.0060147388094
456	474	8060	4845.486559675922
1001	456	4928	2105.0002375296776
1001	1276	2068	1489.0003357957983
1001	489	3213	2313.0553387240866
489	1001	3213	2313.0553387240866
489	1287	1384	996.0245980898263
489	510	4009	1443.034649618643
1287	510	621	447.0100670007332
1287	511	5227	2233.0008956558886
1287	489	1384	996.0245980898263
510	1287	621	447.0100670007332
510	1267	15451	11123.000404567107
510	489	4009	1443.034649618643
1267	452	38351	16219.641210581694
1267	1029	5128	3692.0001354279498
1267	510	15451	11123.000404567107
452	1267	38351	16219.641210581694
452	1016	8990	3840.4908540445713
452	1051	9161	3834.928030615438
1016	452	8990	3840.4908540445713
1016	1024	2412	1030.0276695312607
1024	1016	2412	1030.0276695312607
1051	452	9161	3834.928030615438
1029	1267	5128	3692.0001354279498
1029	509	921	663.7379000780353
1029	1050	6557	2800.7857825974484
509	1029	921	663.7379000780353
509	1052	301	217.0829334609241
509	513	5522	2276.4713923087197
1052	454	7276	5544.05717863732
1052	512	2097	893.9558154629344
1052	509	301	217.0829334609241
454	455	7982	3302.422898418675
454	1030	813	675.7462541516601
454	1052	7276	5544.05717863732
455	454	7982	3302.422898418675
1030	454	813	675.7462541516601
512	1052	2097	893.9558154629344
513	509	5522	2276.4713923087197
1050	1029	6557	2800.7857825974484
511	1287	5227	2233.0008956558886
474	473	7193	2589.0001931247516
474	456	8060	4845.486559675922
473	474	7193	2589.0001931247516
473	475	1402	599.0133554437664
475	473	1402	599.0133554437664
488	1015	9386	6760.014940811891
488	1276	10419	7501.07258997005
1015	471	16785	6390.5393356116665
1015	488	9386	6760.014940811891
471	472	25294	10701.396731268307
471	1015	16785	6390.5393356116665
471	1273	7996	2958.076740045802
472	471	25294	10701.396731268307
1273	471	7996	2958.076740045802
1273	502	2843	1025.3570109966577
502	1273	2843	1025.3570109966577
502	527	6516	2782.833448124411
527	502	6516	2782.833448124411
476	1144	5894	3474.4720462251526
476	1274	8016	2961.279622055303
476	132	1523	929.2857472274069
1144	161	3934	1673.8769369341344
1144	476	5894	3474.4720462251526
1144	500	8954	5278.309293703809
161	1144	3934	1673.8769369341344
161	999	10602	4440.4920898477
161	523	2420	941.8672942617766
999	161	10602	4440.4920898477
999	523	8555	3625.0351722431606
999	1063	7851	2903.2438753918004
523	161	2420	941.8672942617766
523	1062	5319	1924.7327087156802
523	999	8555	3625.0351722431606
1062	523	5319	1924.7327087156802
1063	999	7851	2903.2438753918004
500	1017	2076	1242.6041203858936
500	1144	8954	5278.309293703809
500	522	8310	3152.101045334683
1017	477	3885	2364.6225914509064
1017	500	2076	1242.6041203858936
477	1017	3885	2364.6225914509064
477	450	5607	2088.9932982180676
450	998	22149	9432.123196820534
450	477	5607	2088.9932982180676
998	450	22149	9432.123196820534
522	500	8310	3152.101045334683
1274	478	2721	1016.2174964051741
1274	482	1764	737.7838436832295
1274	476	8016	2961.279622055303
478	1274	2721	1016.2174964051741
478	1042	34025	13583.988699936408
1042	478	34025	13583.988699936408
1042	451	756	322.2483514310042
1042	1049	4122	1672.6257800237327
451	1266	16586	6135.001629991633
451	501	4430	1883.0509817846144
451	1042	756	322.2483514310042
1266	451	16586	6135.001629991633
501	484	1990	846.6906164591645
501	451	4430	1883.0509817846144
501	1048	5631	2030.9931068322217
484	483	3773	1610.361760599152
484	501	1990	846.6906164591645
1048	501	5631	2030.9931068322217
1049	1042	4122	1672.6257800237327
1049	507	2510	990.0707045458926
1049	508	1976	727.9629111431433
507	1049	2510	990.0707045458926
508	1049	1976	727.9629111431433
482	1274	1764	737.7838436832295
1036	132	33402	30588.623800360812
1036	1279	1652	1630.4760041165894
1279	1027	1402	1009.4993808814347
1279	486	668	481.0
1279	1033	1317	1320.766822720801
1279	1036	1652	1630.4760041165894
1027	1026	9111	6570.89978617845
1027	1279	1402	1009.4993808814347
1026	686	3947	2853.688840781349
1026	1027	9111	6570.89978617845
686	1137	14779	5975.75442935869
686	463	3097	2238.6596436260693
686	1026	3947	2853.688840781349
1137	686	14779	5975.75442935869
1137	1007	2034	814.4310897798537
1007	1137	2034	814.4310897798537
1007	465	4272	1710.4677722775136
1007	1038	727	702.2036741572917
1007	1034	1103	1065.3135688613002
465	1007	4272	1710.4677722775136
465	1262	1572	580.7452109143906
465	497	4238	1739.223389907116
465	1009	4199	2564.1704311531244
1262	443	1355	575.402467843161
1262	465	1572	580.7452109143906
1262	466	8768	3486.13023279395
443	1262	1355	575.402467843161
466	1262	8768	3486.13023279395
466	520	5671	2359.16362298167
520	469	9988	4146.8361433748505
520	1060	5208	1884.3593075631834
520	466	5671	2359.16362298167
469	1013	1533	613.7882370981054
469	1014	15084	5506.0120777201355
469	520	9988	4146.8361433748505
1013	469	1533	613.7882370981054
1014	469	15084	5506.0120777201355
1060	520	5208	1884.3593075631834
497	465	4238	1739.223389907116
1009	1008	5617	3444.133563031492
1009	465	4199	2564.1704311531244
1009	1061	3592	1409.4513116812514
1008	1009	5617	3444.133563031492
1008	1010	1928	1182.474101196301
1008	467	8149	3252.2364612678457
1010	1008	1928	1182.474101196301
1010	1011	5843	3564.3267246423975
1010	1270	3451	1469.8442094317343
1011	1010	5843	3564.3267246423975
1011	1271	3318	2005.574481289588
1011	1270	6613	2535.514346242198
1271	1011	3318	2005.574481289588
1271	1282	8600	5500.786580117429
1271	1057	4572	1873.9583773392621
1271	536	23419	8446.279950368682
1282	1272	4385	2781.171156185825
1282	1271	8600	5500.786580117429
1282	516	3880	1409.9964538962502
1272	1012	5807	3553.457611960497
1272	468	1814	659.6370213988903
1272	1282	4385	2781.171156185825
1012	1272	5807	3553.457611960497
1012	989	16126	5812.525268762279
989	988	2772	998.355147229682
989	1012	16126	5812.525268762279
988	989	2772	998.355147229682
468	1272	1814	659.6370213988903
468	470	1136	419.68678797407955
468	1288	1925	821.4627197870881
470	468	1136	419.68678797407955
470	1056	3374	1246.9105821990604
470	1056	3374	1246.9105821990604
1056	498	1178	435.332057170156
1056	470	3374	1246.9105821990604
1056	470	3374	1246.9105821990604
498	1040	2398	885.889383614004
498	1056	1178	435.332057170156
1040	498	2398	885.889383614004
1040	515	5084	1832.2647188656993
1040	1055	2579	1099.6076573032765
515	1040	5084	1832.2647188656993
515	499	23820	8591.841537179325
515	1290	3379	1422.4211753204463
499	1041	4103	1745.5775548511158
499	1047	47267	20182.403672506403
499	515	23820	8591.841537179325
1041	499	4103	1745.5775548511158
1041	1059	1527	636.8398542804933
1059	1041	1527	636.8398542804933
1059	519	1662	615.4185567562942
519	1059	1662	615.4185567562942
519	1296	3070	1110.1639518557608
519	537	1926	725.2985592154447
1296	519	3070	1110.1639518557608
537	519	1926	725.2985592154447
1047	499	47267	20182.403672506403
1047	538	1064	421.82579342662297
538	1047	1064	421.82579342662297
1290	515	3379	1422.4211753204463
1290	1075	4098	1727.450433442303
1075	1290	4098	1727.450433442303
1055	1040	2579	1099.6076573032765
1288	468	1925	821.4627197870881
516	1282	3880	1409.9964538962502
1057	1271	4572	1873.9583773392621
536	1271	23419	8446.279950368682
1270	467	6497	2339.4941760987567
1270	1010	3451	1469.8442094317343
1270	1011	6613	2535.514346242198
467	1270	6497	2339.4941760987567
467	1008	8149	3252.2364612678457
467	517	673	242.62110378118388
517	467	673	242.62110378118388
1061	1009	3592	1409.4513116812514
1038	1007	727	702.2036741572917
1038	504	8268	7795.7578207638035
504	503	5249	4811.466408487126
504	1045	11641	4336.166509718002
504	1038	8268	7795.7578207638035
503	504	5249	4811.466408487126
503	1046	11668	10801.041616436814
1046	503	11668	10801.041616436814
1046	1283	26877	26346.827607892377
1283	1035	15500	14635.49124559883
1283	1046	26877	26346.827607892377
1035	1283	15500	14635.49124559883
1045	504	11641	4336.166509718002
1045	494	60340	23155.23787396709
494	493	71291	27239.054480653325
494	1045	60340	23155.23787396709
493	494	71291	27239.054480653325
1034	492	5963	5815.068787211378
1034	1007	1103	1065.3135688613002
492	1033	1555	1504.853813498175
492	1034	5963	5815.068787211378
1033	492	1555	1504.853813498175
1033	486	4271	1644.097928956788
1033	1279	1317	1320.766822720801
486	487	1627	1171.8028844477215
486	1279	668	481.0
486	1033	4271	1644.097928956788
486	1037	5573	2119.4001509861228
487	486	1627	1171.8028844477215
487	1028	3839	2800.0866058034703
1028	487	3839	2800.0866058034703
1028	992	2251	1641.7688631473068
1028	990	6174	2627.9288422634277
992	447	8401	6201.203512222446
992	1280	29812	11877.787841176487
992	1028	2251	1641.7688631473068
447	992	8401	6201.203512222446
1280	992	29812	11877.787841176487
1280	991	6361	2715.091527002359
991	446	4697	2005.5986637410786
991	446	4697	2005.5986637410786
991	1280	6361	2715.091527002359
446	991	4697	2005.5986637410786
446	991	4697	2005.5986637410786
990	444	12791	5258.488090696793
990	1028	6174	2627.9288422634277
444	990	12791	5258.488090696793
444	1263	1652	603.365560833563
1263	444	1652	603.365560833563
1263	445	9581	4052.26911742051
1263	1058	40	14.7648230602334
445	1263	9581	4052.26911742051
1058	1263	40	14.7648230602334
1037	132	80510	29527.32056926263
1037	486	5573	2119.4001509861228
463	464	2341	884.2516610105971
463	686	3097	2238.6596436260693
463	1268	11821	4790.234336647843
463	485	3522	2545.5539672142095
464	463	2341	884.2516610105971
464	1071	11609	4667.352675768138
464	1072	4944	1976.8462256837279
1071	464	11609	4667.352675768138
1072	464	4944	1976.8462256837279
1268	1003	10685	4427.302225961087
1268	463	11821	4790.234336647843
1268	534	2038	870.1126363868071
1003	1268	10685	4427.302225961087
1003	460	16533	6618.327356666487
460	1003	16533	6618.327356666487
460	461	3165	1234.7250706128875
460	1004	5634	2046.563949648288
461	460	3165	1234.7250706128875
461	1039	4697	1795.3762836798307
1039	461	4697	1795.3762836798307
1039	462	213	84.81155581640984
1039	531	3604	1297.260575212243
462	1006	1581	628.6763873408958
462	1039	213	84.81155581640984
462	532	14924	6178.500950877971
1006	462	1581	628.6763873408958
1006	986	7349	3073.190524520079
1006	529	1764	635.0007874010867
986	987	4563	1893.0884818201182
986	1006	7349	3073.190524520079
987	986	4563	1893.0884818201182
987	449	974	379.0118731649445
449	997	18134	6587.756674316379
449	987	974	379.0118731649445
449	993	4012	1686.801707374047
997	449	18134	6587.756674316379
993	994	1814	653.1722590557563
993	449	4012	1686.801707374047
993	1070	4933	2092.169448204423
994	993	1814	653.1722590557563
994	1264	4615	1661.481567758126
994	1069	4787	2044.070693493745
1264	448	25899	9388.024392810235
1264	995	1107	468.91470439729227
1264	994	4615	1661.481567758126
448	1264	25899	9388.024392810235
995	1264	1107	468.91470439729227
995	996	19823	8290.44027781396
995	1068	3888	1654.8715962273327
996	995	19823	8290.44027781396
1068	995	3888	1654.8715962273327
1069	994	4787	2044.070693493745
1069	1294	2969	1243.4154575201323
1069	1070	2828	1018.0019646346465
1294	1069	2969	1243.4154575201323
1070	993	4933	2092.169448204423
1070	1069	2828	1018.0019646346465
529	1006	1764	635.0007874010867
529	530	3937	1417.0056457191693
530	529	3937	1417.0056457191693
532	462	14924	6178.500950877971
532	533	7014	2862.9056917754033
533	532	7014	2862.9056917754033
531	1039	3604	1297.260575212243
1004	1005	9324	3374.3920933999357
1004	460	5634	2046.563949648288
1005	1004	9324	3374.3920933999357
1005	1269	14301	5150.775572668645
1269	1005	14301	5150.775572668645
1269	1067	4714	1776.7171975303218
1269	528	3525	1269.0015760431506
1067	1293	3809	1625.9993849937337
1067	1269	4714	1776.7171975303218
1293	1067	3809	1625.9993849937337
528	1269	3525	1269.0015760431506
534	1268	2038	870.1126363868071
485	1278	561	404.18807503438296
485	463	3522	2545.5539672142095
485	1074	3465	1403.2718909748032
1278	459	870	627.37628262471
1278	485	561	404.18807503438296
1278	496	3738	1516.2206303833225
459	1002	3410	1450.4406227074585
459	1278	870	627.37628262471
1002	459	3410	1450.4406227074585
1002	1073	2680	1117.671239676498
1073	1002	2680	1117.671239676498
496	1278	3738	1516.2206303833225
496	1295	12847	5458.643146423844
496	535	3653	1430.7795078208242
1295	496	12847	5458.643146423844
535	496	3653	1430.7795078208242
1074	485	3465	1403.2718909748032
526	985	1670	669.0059790465255
526	1277	30446	11624.61130532974
526	1066	9684	3502.895088351919
985	977	12224	5141.699718964537
985	526	1670	669.0059790465255
985	1065	6291	2368.4784145100416
977	436	7875	3363.4868811993306
977	985	12224	5141.699718964537
436	977	7875	3363.4868811993306
436	439	49903	18427.226405512036
436	1257	21430	7714.09547516752
439	436	49903	18427.226405512036
439	481	2195	880.2647329070954
1257	980	5838	2113.557427656036
1257	436	21430	7714.09547516752
980	1257	5838	2113.557427656036
980	981	12031	7644.579582946338
980	1258	25389	16265.409094148232
981	980	12031	7644.579582946338
1258	980	25389	16265.409094148232
1258	524	1583	1014.0966423374057
1258	525	5366	2072.6408275434505
524	1258	1583	1014.0966423374057
525	1258	5366	2072.6408275434505
525	1064	2688	968.1177614319448
525	1291	3667	1480.1148604077996
1064	525	2688	968.1177614319448
1291	525	3667	1480.1148604077996
1065	985	6291	2368.4784145100416
1066	526	9684	3502.895088351919
506	1285	5457	2317.949524903422
1019	479	5959	2523.579204225617
1019	491	4593	3444.092042904777
491	1019	4593	3444.092042904777
771	221	3505	2527.3563262824655
771	229	4033	2913.700396403172
771	781	7218	3086.0317561554675
229	771	4033	2913.700396403172
229	776	9330	3989.1204544360403
229	721	4360	3149.9773015055202
776	229	9330	3989.1204544360403
721	180	32429	13275.647065209288
721	228	1269	916.2996234856806
721	242	28221	12047.842296444622
721	229	4360	3149.9773015055202
180	721	32429	13275.647065209288
180	780	16095	6665.960770961678
780	180	16095	6665.960770961678
228	721	1269	916.2996234856806
228	1153	10440	7521.770336828957
242	243	406	157.07959765672945
242	721	28221	12047.842296444622
243	242	406	157.07959765672945
781	771	7218	3086.0317561554675
774	1173	1663	1198.613365518673
774	221	2279	1641.996650422893
1173	772	2352	1698.3300621492867
1173	774	1663	1198.613365518673
772	1173	2352	1698.3300621492867
772	773	4852	2073.783981035633
772	240	24492	17633.170815256115
773	772	4852	2073.783981035633
240	772	24492	17633.170815256115
723	181	2765	1008.0540660103504
723	216	9172	3851.2726468013143
723	765	19337	7895.10031601879
181	722	10129	3993.2123660030907
181	723	2765	1008.0540660103504
722	181	10129	3993.2123660030907
722	238	379	152.0526224699857
238	722	379	152.0526224699857
216	723	9172	3851.2726468013143
216	759	15082	6403.598519582563
775	233	1198	512.0351550430888
775	758	767	328.0243893371345
233	775	1198	512.0351550430888
235	1176	8231	3519.8423260140503
235	769	6703	2863.092733391638
1176	235	8231	3519.8423260140503
1292	748	12252	4424.158338034478
189	1155	9020	3325.138342986649
189	731	449	162.2621335986927
189	200	6783	4350.797628021786
1155	189	9020	3325.138342986649
1155	190	5391	2229.8307110630617
1155	733	15011	5411.0124745744215
190	1155	5391	2229.8307110630617
733	1155	15011	5411.0124745744215
200	189	6783	4350.797628021786
225	767	5829	2493.4430011532245
225	741	7252	5438.436631974303
767	225	5829	2493.4430011532245
1265	1153	4750	2013.2960537387441
1265	1053	23483	10023.502381902246
1053	1265	23483	10023.502381902246
1053	521	1971	809.0494422468877
521	1053	1971	809.0494422468877
130	129	16108	6762.708407139849
130	691	30071	16560.372006691156
130	143	21116	12017.870027588084
129	130	16108	6762.708407139849
691	130	30071	16560.372006691156
691	700	11765	6740.327885199651
700	691	11765	6740.327885199651
700	701	7862	3248.6951226607894
700	702	19848	10788.456979568487
701	1143	10997	4202.357433631747
701	158	22114	7982.690398606224
701	700	7862	3248.6951226607894
1143	701	10997	4202.357433631747
1143	163	21363	7766.484983568822
163	164	3064	1104.3921405008277
163	1143	21363	7766.484983568822
164	163	3064	1104.3921405008277
158	1142	42922	15805.971339971486
158	701	22114	7982.690398606224
158	717	36553	15327.690302194913
1142	158	42922	15805.971339971486
1142	712	11650	4589.4951792108905
1142	514	8312	3552.6048190025303
712	684	24141	8863.449046505542
712	1142	11650	4589.4951792108905
514	1142	8312	3552.6048190025303
514	669	9024	3817.0613041972483
514	518	1270	517.3490117899134
669	668	11490	4909.513417844991
669	1054	2141	889.0005624295184
669	514	9024	3817.0613041972483
669	1289	1012	364.16617086159994
668	669	11490	4909.513417844991
1054	669	2141	889.0005624295184
1054	518	6313	2627.6150783552753
518	514	1270	517.3490117899134
518	1054	6313	2627.6150783552753
1289	669	1012	364.16617086159994
717	158	36553	15327.690302194913
702	700	19848	10788.456979568487
702	162	2149	1306.2503588516254
702	703	7417	2764.9007215449888
162	702	2149	1306.2503588516254
162	704	5260	3236.391354579974
704	162	5260	3236.391354579974
704	705	394	142.0
704	706	436	251.7478897627545
705	704	394	142.0
706	704	436	251.7478897627545
703	702	7417	2764.9007215449888
683	640	25855	9326.93138175681
683	154	70781	25514.644128421623
154	696	9713	4138.004349925215
154	1141	2831	1127.4772724982088
154	683	70781	25514.644128421623
696	154	9713	4138.004349925215
696	1140	9318	3883.7946650151316
1140	153	28695	15715.584939797818
1140	695	7289	4547.50151181943
1140	696	9318	3883.7946650151316
153	1140	28695	15715.584939797818
695	693	10111	6346.607912893312
695	1140	7289	4547.50151181943
1141	155	24766	9721.423043978695
1141	154	2831	1127.4772724982088
1141	697	4912	2050.8232493318383
155	1141	24766	9721.423043978695
155	698	22194	8141.034885074501
155	674	5940	2322.760426733674
698	155	22194	8141.034885074501
698	156	5422	2314.3573622066233
698	157	3247	1375.0261815689184
156	697	13686	5853.090892853109
156	698	5422	2314.3573622066233
156	699	16366	6281.782231182485
697	156	13686	5853.090892853109
697	1141	4912	2050.8232493318383
699	156	16366	6281.782231182485
699	711	7555	2769.428821977557
699	157	11923	4297.100999511182
711	699	7555	2769.428821977557
157	698	3247	1375.0261815689184
157	699	11923	4297.100999511182
157	713	5067	2024.8456731316587
713	157	5067	2024.8456731316587
674	1132	6434	2515.0161033281674
674	155	5940	2322.760426733674
674	1132	6434	2515.0161033281674
1132	674	6434	2515.0161033281674
1132	674	6434	2515.0161033281674
1132	167	4306	1632.4659261375105
167	1132	4306	1632.4659261375105
167	707	20459	7715.910056500141
707	708	1509	614.9642266018407
707	167	20459	7715.910056500141
707	169	10267	4390.529011406256
708	707	1509	614.9642266018407
169	707	10267	4390.529011406256
971	429	15998	6788.101133601355
971	430	11940	4551.187647197157
429	971	15998	6788.101133601355
429	1255	17850	6428.706868414518
429	1253	35515	14299.627722426902
1255	429	17850	6428.706868414518
1255	1254	20676	8823.940729628684
1255	1259	3212	1161.1791420792918
1259	427	12456	4514.326084810445
1259	1255	3212	1161.1791420792918
427	968	15360	5571.553912509507
427	1259	12456	4514.326084810445
694	693	34822	19011.392189947583
694	709	8059	3291.0079003247624
694	1147	3177	1807.904864753674
709	694	8059	3291.0079003247624
709	1150	1354	561.8620827213739
1150	709	1354	561.8620827213739
1147	694	3177	1807.904864753674
1147	168	543	293.492759706266
168	1147	543	293.492759706266
1120	87	8977	3631.2015917599506
85	69	2036	818.273792810206
85	587	19153	7301.592292096293
587	50	5817	2094.072109551149
587	85	19153	7301.592292096293
50	587	5817	2094.072109551149
117	1108	14105	5999.1221024413235
1098	588	19055	6891.296104507483
1098	610	4578	1895.987605444719
588	1098	19055	6891.296104507483
116	609	3039	1104.603096139061
657	53	9512	4045.398620655324
115	67	3942	1486.0555171325195
114	1107	6600	2780.9857964398166
113	607	4305	1560.974695502781
1076	160	9249	3952.6198906548047
1146	159	10063	4299.817321701004
922	387	967	529.3958821146987
922	1234	6528	2720.747875125514
411	410	7676	3243.5056651715595
411	387	2117	898.2338225651492
410	390	7193	3008.182175334466
410	411	7676	3243.5056651715595
390	389	10221	4080.23295903555
390	410	7193	3008.182175334466
389	390	10221	4080.23295903555
389	1237	3584	1336.6839566629053
1237	389	3584	1336.6839566629053
1237	927	18860	7423.626404931757
1237	914	14559	5418.772277924217
927	926	18375	7712.3792697195595
927	1237	18860	7423.626404931757
926	925	46983	17040.93251556381
926	1236	7573	2726.0359498730018
926	927	18375	7712.3792697195595
925	926	46983	17040.93251556381
925	1232	28769	12288.676820553139
925	396	5969	2161.670650214782
1232	380	15523	6631.050972508054
1232	925	28769	12288.676820553139
380	1232	15523	6631.050972508054
380	1249	969	403.7920256765851
1249	380	969	403.7920256765851
396	913	22707	8446.20589377266
396	925	5969	2161.670650214782
913	379	34156	14572.199079068334
913	396	22707	8446.20589377266
379	913	34156	14572.199079068334
1236	926	7573	2726.0359498730018
1236	391	10886	3918.5558564348676
391	392	1427	605.885302677
391	1244	4237	1807.904864753674
391	1236	10886	3918.5558564348676
392	391	1427	605.885302677
1244	391	4237	1807.904864753674
914	381	7235	2605.8827678926773
914	1237	14559	5418.772277924217
381	914	7235	2605.8827678926773
1124	1105	13524	5510.498797749619
1124	105	3143	1342.8942624048998
1124	386	26407	9988.499787255341
105	1124	3143	1342.8942624048998
386	1124	26407	9988.499787255341
386	921	20446	8286.84415202796
386	1180	68933	25469.86841348027
921	386	20446	8286.84415202796
1180	788	1134	858.0635174624313
1180	378	29434	10611.029450529293
1180	386	68933	25469.86841348027
1180	374	8582	6511.015665777499
788	1180	1134	858.0635174624313
788	278	8128	3131.0159692981447
278	788	8128	3131.0159692981447
378	912	2959	1258.5233410628505
378	1180	29434	10611.029450529293
378	918	17871	6433.064044450358
912	378	2959	1258.5233410628505
918	915	3912	1436.7275315800139
918	378	17871	6433.064044450358
915	910	3316	1413.7513925722585
915	918	3912	1436.7275315800139
915	382	5638	2192.7710778829605
910	376	2285	976.165969494942
910	915	3316	1413.7513925722585
910	382	3960	1427.398332631785
376	910	2285	976.165969494942
376	951	71116	29294.213012129203
951	376	71116	29294.213012129203
382	910	3960	1427.398332631785
382	915	5638	2192.7710778829605
382	1233	22294	8197.824406511767
1233	382	22294	8197.824406511767
1233	919	40793	17416.654586917663
1233	399	38683	14004.723346071496
919	1233	40793	17416.654586917663
919	375	39492	15409.356183825463
919	952	536	225.28204544525957
375	909	30873	11113.052011036392
375	377	14399	6149.043584168192
375	919	39492	15409.356183825463
909	375	30873	11113.052011036392
377	911	22091	8071.096146125383
377	851	20653	8410.175384615948
377	375	14399	6149.043584168192
911	377	22091	8071.096146125383
851	852	6216	2564.5687746675853
851	852	6216	2564.5687746675853
851	377	20653	8410.175384615948
852	851	6216	2564.5687746675853
852	851	6216	2564.5687746675853
852	1202	18924	7421.668006587199
1202	852	18924	7421.668006587199
952	919	536	225.28204544525957
952	941	27923	11477.477989523657
941	406	20933	7805.063612809316
941	952	27923	11477.477989523657
406	941	20933	7805.063612809316
406	920	12032	4385.562677695987
406	942	12912	5511.062783166238
920	342	6125	3893.702094408354
920	907	8760	5421.707664564736
920	406	12032	4385.562677695987
342	1215	6820	4366.115092390488
342	331	25140	9062.945768347066
342	920	6125	3893.702094408354
1215	341	4814	1754.6660650961483
1215	342	6820	4366.115092390488
1215	354	12988	7997.98155786821
341	1215	4814	1754.6660650961483
341	1221	3875	1421.0031667804262
341	367	4097	1655.648815419502
1221	355	6030	2235.6272050590187
1221	341	3875	1421.0031667804262
355	1221	6030	2235.6272050590187
355	1204	49660	19132.34083953137
355	1225	3206	1364.399135150708
1204	315	19599	7557.068346918665
1204	315	19599	7557.068346918665
1204	355	49660	19132.34083953137
315	1204	19599	7557.068346918665
315	878	10814	4319.972453615879
315	1204	19599	7557.068346918665
878	315	10814	4319.972453615879
878	313	1668	676.5655917943211
313	314	16897	7151.460060714875
313	340	24532	9580.125782055266
313	878	1668	676.5655917943211
314	313	16897	7151.460060714875
314	350	22544	9225.247584753484
350	314	22544	9225.247584753484
350	882	69854	25214.02809945289
882	883	8272	4671.022693158319
882	854	17366	10594.824444038702
882	350	69854	25214.02809945289
883	882	8272	4671.022693158319
854	855	3423	1249.7551760244885
854	882	17366	10594.824444038702
854	877	7183	3996.3007894801913
855	854	3423	1249.7551760244885
855	1218	25978	9807.538427148782
855	898	10351	4403.388013791199
1218	573	23663	8517.946818335977
1218	855	25978	9807.538427148782
898	855	10351	4403.388013791199
877	340	36296	21110.279676025137
877	854	7183	3996.3007894801913
340	313	24532	9580.125782055266
340	877	36296	21110.279676025137
340	879	211	126.21014222319853
879	309	9805	5910.459965180375
879	340	211	126.21014222319853
309	310	6829	2618.9961817459757
309	1214	310	196.46119209655632
309	879	9805	5910.459965180375
310	309	6829	2618.9961817459757
310	897	14952	6198.678972168183
310	363	17415	6780.45138615417
897	310	14952	6198.678972168183
363	310	17415	6780.45138615417
1214	1205	9326	5580.601580474994
1214	309	310	196.46119209655632
1214	316	8958	5068.851151888364
1205	316	21359	7739.582030058213
1205	856	2009	1131.1361544924644
1205	1214	9326	5580.601580474994
316	1205	21359	7739.582030058213
316	1214	8958	5068.851151888364
316	861	12780	6901.349795511021
861	860	5401	2081.289023658175
861	316	12780	6901.349795511021
861	860	3600	2081.289023658175
860	317	24849	9111.331955318059
860	861	5401	2081.289023658175
860	870	7376	4707.6346502251
860	861	3600	2081.289023658175
317	858	21859	9340.433608778556
317	860	24849	9111.331955318059
317	322	21877	8476.044478410906
858	317	21859	9340.433608778556
322	317	21877	8476.044478410906
870	860	7376	4707.6346502251
870	869	32726	20974.188828176408
869	553	3260	2035.4982191100046
869	1211	23030	8334.243576954059
869	870	32726	20974.188828176408
553	17	7896	2842.4941512692685
553	554	5296	3355.2597514946588
553	869	3260	2035.4982191100046
17	553	7896	2842.4941512692685
554	553	5296	3355.2597514946588
554	859	3109	1992.028363251889
859	319	11010	4698.433781591479
859	333	1237	793.0226982880124
859	554	3109	1992.028363251889
319	859	11010	4698.433781591479
319	1206	14606	9185.584575844914
319	318	20830	8886.123339229543
319	333	6110	3908.9329746108465
1206	318	9999	3599.6810969862318
1206	319	14606	9185.584575844914
1206	892	35492	22703.0995240738
1206	893	7200	2682.2902527504366
318	1206	9999	3599.6810969862318
318	319	20830	8886.123339229543
318	872	15733	6348.150124248796
872	318	15733	6348.150124248796
872	351	29226	12087.900107131925
351	352	35538	13513.633745221898
351	872	29226	12087.900107131925
352	351	35538	13513.633745221898
352	558	21919	7956.197332897167
352	358	9032	3486.948952881301
358	352	9032	3486.948952881301
892	1206	35492	22703.0995240738
892	1219	2254	1441.4131954439713
1219	332	7527	4774.520080594489
1219	892	2254	1441.4131954439713
1219	1222	2158	810.4745523457229
332	811	4731	3003.7298480389345
332	1219	7527	4774.520080594489
811	268	5760	3686.6381704745586
811	332	4731	3003.7298480389345
811	335	19474	7015.128295334305
268	811	5760	3686.6381704745586
268	1186	5077	3208.8952927760047
268	1188	4576	1651.9446116622676
1186	267	8960	3225.189916888616
1186	268	5077	3208.8952927760047
1186	832	5225	1892.167540150713
1186	833	15585	9524.165737743122
267	1186	8960	3225.189916888616
832	1186	5225	1892.167540150713
833	1194	1507	964.4920943170038
833	1186	15585	9524.165737743122
1194	275	4553	2913.573750568192
1194	833	1507	964.4920943170038
275	273	4374	2801.1028185341574
275	1194	4553	2913.573750568192
275	289	4998	2108.658341220787
273	257	8734	4944.359412502291
273	275	4374	2801.1028185341574
273	810	2674	1625.0307689394683
257	258	8477	3612.6605154650224
257	273	8734	4944.359412502291
257	290	5434	2321.605048237103
258	257	8477	3612.6605154650224
258	1192	9518	4028.9514765010513
258	801	15318	5567.00008981498
258	284	21496	7817.849640406242
1192	258	9518	4028.9514765010513
801	800	7101	3022.624852673583
801	814	7323	3127.8289595180872
801	825	4692	1705.156004593128
801	258	15318	5567.00008981498
800	801	7101	3022.624852673583
814	815	2400	1307.54923425468
814	801	7323	3127.8289595180872
815	814	2400	1307.54923425468
815	279	8546	4892.084422820195
279	815	8546	4892.084422820195
279	272	7121	3845.734520218472
825	801	4692	1705.156004593128
825	283	8628	3135.510325289968
283	542	12555	4562.454164153323
283	825	8628	3135.510325289968
284	258	21496	7817.849640406242
284	818	4007	1456.373921765973
818	276	1106	468.91470439729227
818	284	4007	1456.373921765973
818	274	6862	2496.3144833934684
276	816	8217	3190.1537580499157
276	817	6430	2332.6041241496596
276	818	1106	468.91470439729227
276	1189	3979	1442.4884748239758
816	817	4309	2761.0876480111965
816	276	8217	3190.1537580499157
816	1190	5266	3344.8530610476746
817	816	4309	2761.0876480111965
817	276	6430	2332.6041241496596
817	274	921	589.7194248114946
817	834	6880	2478.7611825264653
274	266	478	305.94280511232813
274	817	921	589.7194248114946
274	818	6862	2496.3144833934684
274	285	6826	2483.3690825167328
266	809	6651	3597.8674239054444
266	274	478	305.94280511232813
266	821	3734	2370.0755262227403
809	266	6651	3597.8674239054444
809	810	6742	3788.0623014939974
810	809	6742	3788.0623014939974
810	273	2674	1625.0307689394683
821	266	3734	2370.0755262227403
821	265	7595	4390.53459159588
265	803	812	450.8713785549045
265	821	7595	4390.53459159588
803	802	1313	728.6514942000737
803	264	2864	1071.0858975824488
803	265	812	450.8713785549045
802	803	1313	728.6514942000737
802	263	3470	1902.1264416436675
802	264	2130	893.8109419782239
263	806	20632	11187.293685248456
263	802	3470	1902.1264416436675
263	264	5468	2119.827587328743
806	805	6157	3324.69021113246
806	263	20632	11187.293685248456
806	252	7095	3030.264014900352
805	251	8177	4422.199452761035
805	806	6157	3324.69021113246
805	792	9226	3776.6446748403537
251	794	7138	3030.901681018373
251	790	12940	7181.782508542013
251	805	8177	4422.199452761035
794	251	7138	3030.901681018373
794	286	398	168.12197952677099
794	827	935	337.1483353065828
794	791	19351	6978.4061217444205
286	794	398	168.12197952677099
286	795	2910	1239.7048035722053
795	248	3391	1258.0214624560267
795	286	2910	1239.7048035722053
795	250	16914	6617.281919338181
248	249	3358	1434.0
248	792	5364	2229.08703284551
248	795	3391	1258.0214624560267
249	248	3358	1434.0
249	793	8613	3191.8297260348963
249	1182	12032	4340.719871173444
793	249	8613	3191.8297260348963
1182	252	10946	4556.167687871025
1182	249	12032	4340.719871173444
1182	796	15128	5460.447692268464
252	1182	10946	4556.167687871025
252	806	7095	3030.264014900352
252	792	14238	5126.140848630674
252	826	32765	11831.933231725068
792	248	5364	2229.08703284551
792	805	9226	3776.6446748403537
792	252	14238	5126.140848630674
792	827	4975	1791.3293946117224
827	792	4975	1791.3293946117224
827	794	935	337.1483353065828
826	285	10162	3687.611693223678
826	252	32765	11831.933231725068
285	274	6826	2483.3690825167328
285	826	10162	3687.611693223678
796	1182	15128	5460.447692268464
796	797	980	363.5849281804734
796	1183	4469	1903.9519426708227
797	796	980	363.5849281804734
797	835	6719	2500.9478203273256
797	836	5176	1896.4414043149343
835	797	6719	2500.9478203273256
835	288	11379	4195.257918173804
835	1195	7665	3061.289434209056
288	830	390	142.33762678926468
288	835	11379	4195.257918173804
830	288	390	142.33762678926468
1195	835	7665	3061.289434209056
836	797	5176	1896.4414043149343
1183	796	4469	1903.9519426708227
250	247	8140	3065.948466624969
250	795	16914	6617.281919338181
250	293	1679	604.7445741798764
247	246	10742	4060.0032019691807
247	250	8140	3065.948466624969
247	819	6778	2893.104906497516
246	247	10742	4060.0032019691807
819	247	6778	2893.104906497516
819	287	8952	3822.415074269146
287	791	927	395.66905362941895
287	819	8952	3822.415074269146
791	790	1614	687.9832846806672
791	287	927	395.66905362941895
791	794	19351	6978.4061217444205
791	828	17200	6202.513200308404
790	791	1614	687.9832846806672
790	251	12940	7181.782508542013
790	822	9493	5143.749799513969
822	262	1518	820.9074247441059
822	790	9493	5143.749799513969
822	837	2728	1164.7218552083584
262	261	1303	704.2904230500369
262	822	1518	820.9074247441059
261	1185	9510	5144.871621333228
261	262	1303	704.2904230500369
261	804	1286	548.8205535509762
1185	261	9510	5144.871621333228
1185	1193	1080	461.0010845974226
1185	294	6956	3761.24301262229
1193	1185	1080	461.0010845974226
1193	1181	10174	4341.2621436628315
1181	789	12316	4912.404706454874
1181	1193	10174	4341.2621436628315
1181	838	1950	775.4959703312455
789	1181	12316	4912.404706454874
838	1181	1950	775.4959703312455
838	1196	2904	1114.315036244239
1196	838	2904	1114.315036244239
294	260	2844	1537.5317882892698
294	1185	6956	3761.24301262229
294	1197	3336	1422.4953426988786
260	259	16000	8650.008323695418
260	294	2844	1537.5317882892698
260	295	1216	518.8679986277821
259	260	16000	8650.008323695418
259	820	1776	723.24961113021
259	281	5204	2815.760110520781
820	259	1776	723.24961113021
820	840	2976	1102.0004537204147
840	820	2976	1102.0004537204147
840	841	4812	1767.2719089036639
841	840	4812	1767.2719089036639
281	259	5204	2815.760110520781
295	260	1216	518.8679986277821
295	839	9033	3448.4038336598574
839	295	9033	3448.4038336598574
1197	294	3336	1422.4953426988786
804	245	31201	13012.51278577662
804	261	1286	548.8205535509762
804	297	4020	1496.666295471372
245	244	7851	2874.41141801239
245	804	31201	13012.51278577662
245	296	6218	2342.554161593708
244	245	7851	2874.41141801239
296	245	6218	2342.554161593708
297	804	4020	1496.666295471372
837	822	2728	1164.7218552083584
828	791	17200	6202.513200308404
828	829	4532	1634.390406237139
829	828	4532	1634.390406237139
293	250	1679	604.7445741798764
264	263	5468	2119.827587328743
264	803	2864	1071.0858975824488
264	807	26600	11186.20601455203
264	802	2130	893.8109419782239
807	264	26600	11186.20601455203
807	808	23070	9847.05321403312
807	277	8637	3203.3910157831187
808	807	23070	9847.05321403312
808	335	42565	15359.68857106159
808	889	1358	579.7257972524596
335	808	42565	15359.68857106159
335	811	19474	7015.128295334305
889	888	9124	3895.5391154498757
889	808	1358	579.7257972524596
889	361	13177	4758.717684418776
888	889	9124	3895.5391154498757
888	890	6391	2727.3498125469714
890	353	21328	8490.900600054154
890	888	6391	2727.3498125469714
890	1223	4426	1611.245791305597
353	890	21328	8490.900600054154
353	334	4758	2030.2563877500793
334	871	29401	12361.921250355868
334	353	4758	2030.2563877500793
334	362	10387	3970.87647755505
871	1212	69295	26256.417196563587
871	334	29401	12361.921250355868
871	323	77467	29542.647443991882
1212	871	69295	26256.417196563587
1212	1211	17045	6943.855557253477
1212	359	5561	2002.0232266384924
1211	869	23030	8334.243576954059
1211	320	22953	8580.884861131746
1211	1212	17045	6943.855557253477
320	321	17814	7608.447016310227
320	1211	22953	8580.884861131746
320	308	8850	3186.029817814014
321	320	17814	7608.447016310227
321	895	21207	8960.940240845266
321	896	5146	1852.3695635590648
895	321	21207	8960.940240845266
896	321	5146	1852.3695635590648
308	1201	26640	9703.498853506399
308	320	8850	3186.029817814014
308	1213	17670	6725.670524193109
1201	308	26640	9703.498853506399
1201	1213	19358	7875.928008812676
1201	887	41670	15078.301794300312
1213	308	17670	6725.670524193109
1213	336	33715	12752.727865049108
1213	1201	19358	7875.928008812676
336	1213	33715	12752.727865049108
336	338	15997	8967.153673267789
336	874	3645	1972.903697599049
338	336	15997	8967.153673267789
338	886	14480	8287.531478069932
886	338	14480	8287.531478069932
886	876	2901	1629.7536623674143
876	856	2396	1332.6965145898746
876	349	14013	5098.71297485944
876	886	2901	1629.7536623674143
856	857	7792	3297.5628879522524
856	876	2396	1332.6965145898746
856	1205	2009	1131.1361544924644
857	856	7792	3297.5628879522524
857	1224	7430	2717.27657775207
857	366	2368	957.0961289233177
1224	857	7430	2717.27657775207
366	857	2368	957.0961289233177
349	347	11082	3999.4070810558906
349	876	14013	5098.71297485944
347	1217	7457	2686.457332622277
347	349	11082	3999.4070810558906
1217	347	7457	2686.457332622277
874	873	7302	3956.2507503948736
874	336	3645	1972.903697599049
873	874	7302	3956.2507503948736
873	884	13759	8813.407797214424
873	337	13571	8069.859044617818
884	873	13759	8813.407797214424
884	339	8549	5476.186720702646
339	875	13308	5683.103729477406
339	875	8872	5683.103729477406
339	884	8549	5476.186720702646
875	339	13308	5683.103729477406
875	339	8872	5683.103729477406
875	853	6250	4004.07192742588
853	1203	17431	7025.7287878198085
853	875	6250	4004.07192742588
853	885	24571	14363.134198356569
1203	853	17431	7025.7287878198085
1203	891	1104	415.0048192491263
891	1220	4917	1859.041688612711
891	1203	1104	415.0048192491263
1220	891	4917	1859.041688612711
1220	899	20739	7503.477926934949
1220	900	9214	3775.784421812241
899	1220	20739	7503.477926934949
900	1220	9214	3775.784421812241
885	853	24571	14363.134198356569
885	356	6674	4273.114203950088
356	885	6674	4273.114203950088
356	327	5546	3075.647086386863
327	302	43762	25867.008427725075
327	356	5546	3075.647086386863
327	1227	6758	2464.467488119898
302	303	17273	7338.195486630211
302	326	34468	20517.458151535244
302	327	43762	25867.008427725075
302	867	14889	5928.014254368827
303	302	17273	7338.195486630211
326	843	10396	5812.962927801966
326	1209	8555	3079.894154025427
326	302	34468	20517.458151535244
843	298	7556	3207.5886581667546
843	326	10396	5812.962927801966
843	865	19938	10854.990373095685
298	842	14763	6022.676232373778
298	843	7556	3207.5886581667546
842	298	14763	6022.676232373778
865	843	19938	10854.990373095685
1209	326	8555	3079.894154025427
867	866	21425	8511.733196006557
867	302	14889	5928.014254368827
866	301	12979	5119.025786221437
866	867	21425	8511.733196006557
866	348	31658	13012.10398052521
301	1199	26265	9750.536805735364
301	866	12979	5119.025786221437
301	328	4885	2010.0358205763398
1199	301	26265	9750.536805735364
1199	846	13681	5680.804608503975
846	300	14618	6181.110013581703
846	1199	13681	5680.804608503975
846	369	4362	1573.3928307959204
300	1198	4490	1909.6997146148396
300	846	14618	6181.110013581703
1198	845	23037	9514.35741392975
1198	299	11404	4154.380940645669
1198	300	4490	1909.6997146148396
845	844	6439	2526.696064033029
845	1198	23037	9514.35741392975
844	845	6439	2526.696064033029
299	1198	11404	4154.380940645669
369	846	4362	1573.3928307959204
328	301	4885	2010.0358205763398
328	848	19689	7611.0375770981445
328	329	18951	7083.240854298264
848	847	7550	3003.0717607143524
848	328	19689	7611.0375770981445
848	868	6962	2738.363927603488
847	848	7550	3003.0717607143524
847	868	762	324.81533215043896
847	1210	9146	3900.845677542243
868	848	6962	2738.363927603488
868	847	762	324.81533215043896
1210	847	9146	3900.845677542243
329	328	18951	7083.240854298264
329	901	904	349.5969107414995
329	1226	867	334.8566857627304
901	902	6221	2446.108133341615
901	1226	1083	462.0876540224809
901	329	904	349.5969107414995
902	901	6221	2446.108133341615
1226	901	1083	462.0876540224809
1226	370	11905	5081.869439487796
1226	329	867	334.8566857627304
370	1226	11905	5081.869439487796
348	866	31658	13012.10398052521
1227	327	6758	2464.467488119898
337	306	4155	2512.6149724937964
337	873	13571	8069.859044617818
306	307	1278	462.15365410218277
306	849	18923	10831.038085059068
306	337	4155	2512.6149724937964
307	306	1278	462.15365410218277
849	850	25639	9647.178343951147
849	306	18923	10831.038085059068
849	325	2735	1679.578816251265
850	849	25639	9647.178343951147
325	323	1993	1275.3227042595925
325	849	2735	1679.578816251265
325	864	24158	8780.951713795037
323	1208	13847	8838.738880632236
323	325	1993	1275.3227042595925
323	871	77467	29542.647443991882
1208	1207	25564	16124.90626329344
1208	323	13847	8838.738880632236
1208	863	25077	9652.737072975726
1207	862	4275	2424.3920887513223
1207	1208	25564	16124.90626329344
862	304	2198	1212.2561610484806
862	1207	4275	2424.3920887513223
304	1200	1515	618.1278184971131
304	305	4281	2319.0241482140714
304	862	2198	1212.2561610484806
1200	304	1515	618.1278184971131
1200	305	5920	2184.3271275154734
305	1200	5920	2184.3271275154734
305	304	4281	2319.0241482140714
863	324	2707	1135.0651963653895
863	864	3303	1410.1280083737079
863	1208	25077	9652.737072975726
324	863	2707	1135.0651963653895
324	357	37153	13404.619539546806
357	324	37153	13404.619539546806
864	863	3303	1410.1280083737079
864	325	24158	8780.951713795037
887	1201	41670	15078.301794300312
359	1212	5561	2002.0232266384924
362	334	10387	3970.87647755505
1223	890	4426	1611.245791305597
361	889	13177	4758.717684418776
277	807	8637	3203.3910157831187
277	291	7782	3287.1515024409814
277	292	3223	1303.4818755932129
291	277	7782	3287.1515024409814
292	277	3223	1303.4818755932129
834	817	6880	2478.7611825264653
1190	816	5266	3344.8530610476746
1189	276	3979	1442.4884748239758
1189	280	4642	1801.307580620256
280	1189	4642	1801.307580620256
290	257	5434	2321.605048237103
289	275	4998	2108.658341220787
1188	268	4576	1651.9446116622676
1222	1219	2158	810.4745523457229
1222	360	8645	3148.695126556396
360	1222	8645	3148.695126556396
893	1206	7200	2682.2902527504366
333	319	6110	3908.9329746108465
333	859	1237	793.0226982880124
333	894	8000	2904.128957191812
894	333	8000	2904.128957191812
1225	355	3206	1364.399135150708
367	341	4097	1655.648815419502
367	368	7909	3310.275215144505
368	367	7909	3310.275215144505
354	1215	12988	7997.98155786821
331	330	20869	7514.437570437324
331	342	25140	9062.945768347066
330	331	20869	7514.437570437324
330	903	51361	18688.008775682873
330	405	61190	24360.431728522384
903	330	51361	18688.008775682873
405	940	1916	816.0894558809101
405	330	61190	24360.431728522384
940	1229	15851	6749.697252469921
940	904	16175	5823.199206621734
940	405	1916	816.0894558809101
1229	906	16314	5902.502011859039
1229	404	2085	855.5238161500824
1229	940	15851	6749.697252469921
906	1229	16314	5902.502011859039
404	1229	2085	855.5238161500824
404	413	34500	14725.438805006797
413	1243	13311	5678.429360307303
413	404	34500	14725.438805006797
1243	65	880	549.1675518455182
1243	907	77724	46675.521229012535
1243	413	13311	5678.429360307303
65	66	13344	7208.716945476497
65	938	2119	1330.0541342366482
65	1243	880	549.1675518455182
66	65	13344	7208.716945476497
66	933	911	558.3547259583283
933	398	21131	12038.254441570838
933	399	73213	26754.756679887785
933	66	911	558.3547259583283
398	932	2311	1342.6727076990878
398	933	21131	12038.254441570838
398	1239	35258	13469.560683259124
932	398	2311	1342.6727076990878
932	409	15460	8536.482706595263
409	931	1424	772.7871634544663
409	932	15460	8536.482706595263
931	1238	1182	654.7190237040619
931	1240	1877	801.3900423638917
931	409	1424	772.7871634544663
1238	931	1182	654.7190237040619
1238	930	12176	6964.630428098823
930	397	4005	2164.0720875238885
930	1238	12176	6964.630428098823
397	930	4005	2164.0720875238885
397	929	27405	14934.585799412049
929	395	1226	670.5221845696084
929	407	1646	1297.3673342581121
929	397	27405	14934.585799412049
929	412	10417	8206.69604652201
395	929	1226	670.5221845696084
395	947	1589	869.4716786646935
947	395	1589	869.4716786646935
407	929	1646	1297.3673342581121
407	1248	23494	18514.58651982269
1248	407	23494	18514.58651982269
1248	1246	7834	6161.975738348861
1246	408	7828	6140.678301295387
1246	1248	7834	6161.975738348861
408	1246	7828	6140.678301295387
412	929	10417	8206.69604652201
1240	931	1877	801.3900423638917
1240	946	21247	9072.249114745471
946	1240	21247	9072.249114745471
946	1239	7521	3124.328087765432
1239	399	22278	8937.268598402981
1239	398	35258	13469.560683259124
1239	946	7521	3124.328087765432
399	1239	22278	8937.268598402981
399	933	73213	26754.756679887785
399	1233	38683	14004.723346071496
938	65	2119	1330.0541342366482
938	402	3600	1296.0003858024118
938	948	18555	11881.226409760904
402	1241	932	336.2692373679162
402	938	3600	1296.0003858024118
1241	402	932	336.2692373679162
948	949	3603	2307.000216731676
948	938	18555	11881.226409760904
949	948	3603	2307.000216731676
907	1230	17044	6407.307468820269
907	920	8760	5421.707664564736
907	1243	77724	46675.521229012535
1230	907	17044	6407.307468820269
904	371	36729	13698.74611050223
904	940	16175	5823.199206621734
904	401	39017	14118.279286088655
371	904	36729	13698.74611050223
401	400	8764	3740.012032066207
401	936	11037	4541.658287454044
401	904	39017	14118.279286088655
400	935	5198	1930.313964100141
400	401	8764	3740.012032066207
935	934	5907	2292.0630445081565
935	400	5198	1930.313964100141
934	935	5907	2292.0630445081565
936	401	11037	4541.658287454044
936	1228	15412	6377.196327540811
1228	905	22448	8202.381727278973
1228	937	7860	3271.0221644006024
1228	936	15412	6377.196327540811
905	1228	22448	8202.381727278973
937	1228	7860	3271.0221644006024
937	1242	6876	2475.0002020201937
937	373	16761	6362.5894885651705
1242	939	36569	15593.775232444515
1242	403	17631	6601.519597789587
1242	937	6876	2475.0002020201937
939	1242	36569	15593.775232444515
939	950	500	270.0
950	939	500	270.0
403	1242	17631	6601.519597789587
373	372	13872	5139.0821164873405
373	937	16761	6362.5894885651705
372	373	13872	5139.0821164873405
942	406	12912	5511.062783166238
374	1231	16676	7084.656378399732
374	1245	11779	9011.94013517622
374	1180	8582	6511.015665777499
1231	374	16676	7084.656378399732
1245	374	11779	9011.94013517622
1245	384	7279	5908.129484024534
384	917	22671	8384.849491791729
384	945	2527	2086.3511209765243
384	1245	7279	5908.129484024534
917	384	22671	8384.849491791729
917	61	35646	13351.027863052343
945	384	2527	2086.3511209765243
945	1247	4584	3757.1159151668453
1247	598	20629	15834.072533621917
1247	945	4584	3757.1159151668453
598	599	11157	6384.193057857821
598	84	1954	1580.2632692054826
598	1247	20629	15834.072533621917
599	598	11157	6384.193057857821
599	648	9516	5278.344626869299
599	104	2045	873.9158998439152
648	58	10520	5876.677292484249
648	1123	4407	1883.637438574632
648	599	9516	5278.344626869299
58	59	6034	2578.7138266973325
58	1104	10831	5871.865972584865
58	648	10520	5876.677292484249
59	58	6034	2578.7138266973325
59	1090	48270	20507.36492092536
59	647	4801	1757.8432808416114
1090	31	11835	9581.427555432436
1090	37	3601	2764.3489287714747
1090	59	48270	20507.36492092536
31	1090	11835	9581.427555432436
31	30	3601	2841.898133290495
37	1090	3601	2764.3489287714747
37	38	8158	3324.1329696629164
37	629	15587	12285.14391450096
38	37	8158	3324.1329696629164
629	37	15587	12285.14391450096
629	346	20403	12538.945450076733
629	84	1812	1514.390306360946
346	345	12571	7112.091183329978
346	629	20403	12538.945450076733
345	881	24297	9458.969552757848
345	346	12571	7112.091183329978
345	364	1398	570.727605780551
364	345	1398	570.727605780551
364	365	5182	2209.6907023382255
364	908	40872	16080.812324009008
365	364	5182	2209.6907023382255
908	364	40872	16080.812324009008
84	598	1954	1580.2632692054826
84	629	1812	1514.390306360946
84	385	6418	2422.396334211229
385	84	6418	2422.396334211229
647	59	4801	1757.8432808416114
1104	58	10831	5871.865972584865
1104	600	2144	1159.0660032974827
1123	648	4407	1883.637438574632
104	599	2045	873.9158998439152
569	29	4205	3147.784617790741
28	564	77519	28412.71794461065
28	1085	17753	6581.255579294881
1085	557	40089	15247.42355284984
1085	568	7151	2676.8163926575166
1085	28	17753	6581.255579294881
557	1085	40089	15247.42355284984
568	1085	7151	2676.8163926575166
311	563	23059	8373.818722661723
1087	25	18028	6989.829325527197
1087	552	70292	25707.522517737878
1087	1092	13660	5750.737691809634
552	16	23908	10117.404064284474
552	26	15736	6639.7316210822855
552	1087	70292	25707.522517737878
16	552	23908	10117.404064284474
16	577	18515	7882.049733413257
577	16	18515	7882.049733413257
26	552	15736	6639.7316210822855
26	27	9750	3806.786702719237
27	26	9750	3806.786702719237
1092	1087	13660	5750.737691809634
575	21	8518	3238.2237414977985
575	576	7116	2887.020955933642
575	1184	9672	3613.380826871145
576	575	7116	2887.020955933642
1184	575	9672	3613.380826871145
14	550	4550	1926.7830703013767
831	269	3243	1356.1356864266938
1080	0	3563	1505.1764016220823
